id,Time,Is_CH,who CH,adv_who,hop_count,dist_CH,send_code,RSSI,Latency,Jitter,Throughput,Packets_Sent,Packets_Received,Packet_Loss_%,Dropped,Tampered,Expaned Energy,Attack type,label,prediction,correct
101000,100,0,104191,101020,6,35.12138296509377,4,-64.4368284739835,38.74813898268838,5.171189407889051,215.5527564105485,143,142,0.4130633368469856,4,0,0.0785775941833932,Normal,0,0,True
101001,100,1,101001,104692,1,47.21627032392106,1,-66.68683101226726,67.79571451122534,6.933639668957718,152.69485139739268,331,327,1.0695510849208292,1,0,0.0588883537575849,SMS,1,0,False
101002,200,0,102844,101071,3,57.601080308146905,1,-71.92162613429386,47.00294406472146,8.062653604628466,160.70802626936936,256,217,15.145674610737968,12,0,0.069962968210674,Grayhole,1,0,False
101003,100,0,104745,105014,1,53.37087292733681,2,-67.23608071889035,34.14222643320022,3.720422218020934,188.330131948956,307,303,1.177908167638498,0,0,0.074953019234255,Normal,0,0,True
101004,200,0,101287,101875,1,63.52039365974326,3,-69.54342635694326,70.9940752050251,3.7390830916290447,198.3500748408319,332,325,2.079560577301646,1,0,0.0723908819166729,Normal,0,0,True
101005,50,0,104413,101022,1,66.37082407992742,3,-66.77655098357883,45.95204620579707,3.978783001404841,245.3121878869923,212,208,1.7986986466108117,3,0,0.066904604487521,Normal,0,0,True
101006,200,0,103871,104454,7,40.7107351753927,2,-68.80914346930186,44.95871326348336,5.441261608614327,197.0856924463578,62,60,1.944639397751998,0,0,0.0631845622020275,Normal,0,0,True
101007,200,0,104742,105231,7,46.47912252546119,1,-70.73922467416187,52.02250395529233,3.1006308533514897,191.4980034631763,246,196,20.04484362985825,0,1,0.077102231953382,Malicious,1,0,False
101008,50,1,101008,105915,5,66.44096777852461,0,-64.23980650843136,88.39541066630156,6.78304243681166,50.2500787177194,189,118,37.24574335806373,9,0,0.3739571380230918,DoS,1,0,False
101009,100,1,101009,103094,4,47.508607537604384,3,-70.6070120003403,55.4408628218318,0.7251384749270979,62.77037484103963,369,293,20.572522380571183,11,0,0.055567114404444,Grayhole,1,0,False
101010,50,0,101111,103803,1,47.97661093129913,4,-65.23411872835322,48.16754756790718,3.7415586543052752,142.32358575552763,121,119,1.4729647926351892,1,0,0.0957815040279982,Normal,0,0,True
101011,200,0,102154,105087,5,42.93293231626994,4,-71.44078015255559,41.37960256370387,3.016945917790736,166.74056566825416,222,219,1.0395239010751396,3,0,0.0836602585662296,SMS,1,0,False
101012,150,0,101427,103972,7,53.33293716612778,1,-77.04275303666616,80.6573415665999,31.45962735962272,281.14854121729155,349,346,0.8407633831558214,2,0,0.1158480413066145,Scheduling,1,0,False
101013,150,1,101013,102385,2,35.035712925442084,3,-69.85308823668,62.37250072972916,5.50469838736164,164.20565002041224,365,363,0.4523804855440398,2,0,0.0719112429504908,Normal,0,0,True
101014,50,1,101014,101104,2,38.385513900139685,4,-69.28669692421974,57.30508285064765,5.781752066294106,172.26360727590688,299,297,0.5654555127471492,0,0,0.0414267516148865,Normal,0,0,True
101015,50,0,104584,102263,2,51.957620038841895,3,-67.35178549749062,61.2181964027302,8.633391851012075,179.98431441662427,107,105,1.6624157660111334,0,0,0.0794642165111352,Normal,0,0,True
101016,50,0,103037,101564,3,56.638413612554665,1,-68.80114913208679,48.04575797030629,5.145486657394465,193.1001586241017,296,294,0.5314244210828387,0,0,0.0638395349070713,Normal,0,0,True
101017,100,1,101017,102520,5,38.41516438146765,0,-74.73245397994214,46.66513719030305,5.562423365168131,235.4102528346384,97,95,1.4395070772785037,1,0,0.0763567883228415,Normal,0,0,True
101018,150,1,101018,102381,2,51.002897225070384,0,-66.35913625226391,47.8604457081245,5.4601208087668,127.50565174291522,493,481,2.315307504925936,0,0,0.0604136158943089,Normal,0,0,True
101019,200,0,101110,101792,2,36.53859277419794,3,-77.90677613065029,45.05798450837295,6.364442161825659,140.72045835496817,63,62,0.974407577179786,1,0,0.0877684578862573,Normal,0,0,True
101020,150,0,103841,105870,6,31.884081796650108,3,-67.22455150279207,114.55706211253774,3.9820469432185934,74.04018144601956,463,355,23.239344380943127,15,0,0.314552151294648,DoS,1,0,False
101021,100,1,101021,101525,2,22.049129340580805,2,-78.31920186638477,61.61207671758028,7.558079832918508,182.53735794281337,206,202,1.6316422511843522,2,0,0.0475238937705519,Normal,0,0,True
101022,250,0,104220,104297,2,57.45986496691789,3,-71.37013115372389,43.51127546510948,6.29672991279126,168.28094613157302,356,349,1.9562773447159705,0,0,0.084988686084281,Normal,0,0,True
101023,200,0,103977,105446,2,32.13113964852079,2,-63.81583766936367,72.06468979884673,3.3970321563379864,203.185983304557,72,72,0.0,0,0,0.0691924732202589,Normal,0,0,True
101024,250,0,101931,105002,7,44.51639124753262,2,-66.94842849469184,50.81220377251604,4.60133676649508,209.5094502271945,87,86,0.8947289302133801,0,0,0.0817048615362215,Normal,0,0,True
101025,150,0,101938,105006,5,45.83715864220219,3,-74.68537140073984,159.5183792201459,3.4415043511794505,81.41938447163324,449,445,0.6707769807391416,15,0,0.604764700422764,Flooding,1,0,False
101026,100,0,102547,105204,7,51.81741896727072,2,-74.49529261852899,56.34661943843938,6.12951838664886,161.7492233041591,394,390,0.7839272367070507,0,0,0.0627352993403902,Normal,0,0,True
101027,50,0,104238,102134,1,51.44068581344416,2,-72.22021837731869,37.947007852198055,5.5890319791360925,160.38948118952726,401,398,0.6578999502191312,1,0,0.0560294785231757,Normal,0,0,True
101028,200,0,101794,105856,3,51.14941771759132,3,-71.61583832851242,64.27328651594769,3.962724005030848,244.8675656955168,484,478,1.1145474158231896,0,0,0.085376247128243,Normal,0,0,True
101029,50,0,104727,104325,3,67.18363995763876,4,-73.73318783010204,44.76332399940497,7.691059707103798,139.1832138056717,384,379,1.0952169540053944,0,0,0.0828749720179858,Normal,0,0,True
101030,100,0,105272,105942,7,66.76597931651666,4,-73.19416934879726,159.51783476312218,5.108931089660377,142.83410108451287,274,169,38.20553782344164,11,0,0.3942595612044163,DoS,1,0,False
101031,150,0,102122,101011,3,42.57092667218772,2,-68.46389477852155,73.83457036646865,8.687851485030572,195.343804021556,79,77,1.833376564271835,2,0,0.0861226237800999,Normal,0,0,True
101032,150,1,101032,101916,7,51.28451067246293,2,-69.34509435401482,44.08695361121055,3.071107459205068,126.43318443313572,442,439,0.6082074712581088,2,0,0.0628708669550847,Normal,0,0,True
101033,150,1,101033,104495,3,49.48882736523361,3,-76.6197554210978,41.74708039169136,26.5823532820819,180.2832690020299,400,367,8.097645831851871,2,0,0.1161526161134137,DataError,1,0,False
101034,50,1,101034,101045,4,48.39925513391695,3,-71.0759816178009,55.737031972519056,5.300271307912406,142.852436270527,97,96,0.9375392023382172,2,0,0.102867962142991,SMS,1,0,False
101035,100,0,105675,103404,3,57.12481764433805,2,-71.2873751556011,79.18222739163323,19.33181713737093,176.738143508514,235,231,1.4190741643865494,0,0,0.0551892834159252,Scheduling,1,0,False
101036,150,0,105657,105138,5,56.12082500803783,1,-73.94010809387828,45.81464266660512,2.220270518196941,217.4845203168293,400,392,1.916475262976877,0,0,0.0842228042615391,Normal,0,0,True
101037,250,0,102843,105823,4,48.81658376126178,0,-64.55330345341655,53.7377487490224,5.8249689255830255,222.34875348749512,85,84,1.053992758343015,0,0,0.0682110536272061,Normal,0,0,True
101038,200,0,102919,104320,1,47.714151916731645,3,-70.33998930207463,49.988768396941936,7.16948848550792,56.68169058168864,231,103,55.18982971218022,16,0,0.0737175730549026,Blackhole,1,0,False
101039,250,0,105648,101658,1,40.04921690678724,3,-78.0699556354805,58.11330318921418,6.937363783262443,233.00734898213472,227,224,1.2473750562676005,1,0,0.0787813672970543,Normal,0,0,True
101040,200,0,102369,103064,5,49.58523341711415,1,-70.0403444394319,51.86507812240069,2.5798356385242243,143.49452734758404,255,253,0.4638058726288596,1,0,0.0994445551594126,Normal,0,0,True
101041,150,0,103822,101850,7,53.791752625178944,3,-75.0860592895008,71.1924038722895,3.7663347980456647,147.00335922310146,133,131,1.4085183431295956,0,0,0.0672118792825095,Normal,0,0,True
101042,50,1,101042,102897,2,56.021939790274,3,-74.70143759085302,50.90167383263283,2.320489493407701,192.0516114537767,243,240,1.020028591132516,1,0,0.0722486773485513,Normal,0,0,True
101043,150,0,101858,101229,2,44.5072966387973,0,-70.47641252650288,56.44521966243724,20.885312668500983,177.18123928047123,227,211,6.851408021967543,0,0,0.1015393005009131,DataError,1,0,False
101044,150,1,101044,103263,2,47.48431871996903,1,-79.32982274147135,53.888341577924585,4.720194675398329,217.7376088145877,494,489,0.9276683698949476,0,0,0.1018203021881648,Normal,0,0,True
101045,150,0,104034,102897,5,53.68006007174066,3,-75.52387336820759,42.49589872245344,4.237724606653162,37.78419784848464,153,80,47.52714945518307,17,0,0.0997721758699834,Blackhole,1,0,False
101046,100,0,101436,105626,5,59.981164887161206,4,-70.21129578046849,52.10685188295479,7.277436135712195,194.23657718190023,134,131,1.5415253277767913,1,0,0.0744314103095305,Normal,0,0,True
101047,150,0,101570,103287,6,70.93395725049926,0,-73.66501459556183,48.99880598038752,3.7330931162326015,201.85914676819152,438,430,1.815557548727792,2,0,0.0936968438821118,Normal,0,0,True
101048,100,0,105179,102044,2,36.27590262438693,2,-73.00169329503244,46.94367557593205,5.006120233477145,241.92815870701105,455,452,0.5809117588342343,3,0,0.0918707886458638,Normal,0,0,True
101049,150,0,104696,103996,6,55.84622952486741,1,-74.36242454697505,21.94258580709805,6.18004659519906,215.272325615818,209,205,1.734254637863747,1,0,0.0591152050576423,Normal,0,0,True
101050,50,0,101531,103696,2,41.18039235732826,1,-63.66834866021856,37.28792108286952,6.277086634535198,159.78191116323964,407,400,1.6915972576646716,2,0,0.0941986549629447,SMS,1,0,False
101051,200,0,103639,105481,7,66.9762377970934,1,-68.83890285162316,54.20964851867963,3.873985697039263,64.31830957522317,319,313,1.703646651764971,13,0,0.5113279622760348,Flooding,1,0,False
101052,50,0,104582,101209,3,49.409841438892805,0,-68.74720246534953,68.51340119491078,20.16470358660426,129.26042688448194,451,394,12.518577873791063,1,0,0.0724811406133548,DataError,1,0,False
101053,50,0,102067,104013,6,55.48690736481293,2,-72.0792237299604,51.61839473042601,8.610178700915782,265.37532794591056,181,128,28.905735465360934,0,1,0.105183626430264,Malicious,1,0,False
101054,100,0,104577,105076,6,48.764837289084575,4,-67.8422081535701,41.94189708314735,6.435420921095962,115.18645035077108,147,144,1.6241881820990924,0,0,0.0531360356064614,Normal,0,0,True
101055,150,0,104076,101619,7,62.681354929902426,0,-68.27292909178072,45.63736967819971,20.95415039152872,241.9246703707662,409,359,12.028138555442366,1,0,0.0723163666858604,DataError,1,0,False
101056,100,0,104599,103717,6,47.350213364775584,1,-66.59918526604355,37.22950365403953,3.590029704723869,175.49181882568553,131,129,1.4562332847016564,0,0,0.0520956098112711,Normal,0,0,True
101057,100,0,103471,102151,5,50.57091984775741,2,-70.99006900124574,49.89159232440176,3.3272383519786324,188.80751080081455,56,55,0.5448614641841241,0,0,0.0648771871969592,Normal,0,0,True
101058,150,0,105248,101091,1,51.26424408124737,3,-69.43907120454287,43.861729813062695,4.041593251607567,197.5268030892928,380,374,1.57516341128917,2,0,0.0791514658876421,Normal,0,0,True
101059,100,0,104761,105425,6,60.52255933743964,3,-65.02361073711407,46.8457119802533,3.742040534108283,153.8656078225021,296,292,1.242027876172468,2,0,0.1091939877842763,Normal,0,0,True
101060,250,0,104166,103846,3,35.97217707874098,3,-75.1372834554531,32.4560493771926,5.730675468053867,186.14206810570505,235,231,1.3632530321997118,0,0,0.0969822659121281,Normal,0,0,True
101061,250,1,101061,102830,6,65.46795586739374,4,-62.151857065302536,53.84966416047634,7.387223510345176,231.9426669244236,260,255,1.560468256203123,1,0,0.0786510688288963,Normal,0,0,True
101062,150,0,101486,104732,7,50.92416797799047,1,-75.6346768139918,111.57533683088838,20.58184041692588,138.66782737354302,303,299,1.0164723986875432,1,0,0.0828085439122357,Scheduling,1,0,False
101063,100,0,102080,101197,7,58.07497613045855,0,-70.59779378313198,55.10535378451236,6.8114352009947305,208.06954619184177,196,193,1.2651845944993996,1,0,0.0793087152031239,Normal,0,0,True
101064,200,0,105200,101806,1,36.14467752616153,1,-66.12338124298218,49.5198583610161,3.474911872920841,198.2225058421512,426,422,0.8687696256481672,2,0,0.0523444301792484,Normal,0,0,True
101065,50,0,101004,102168,7,50.52917599486135,1,-71.64187629708401,48.88152895913687,6.1332042967854505,181.89239405961865,120,119,0.4160673463541449,1,0,0.1021544219196489,Normal,0,0,True
101066,100,0,102693,101986,7,51.18015964107906,4,-71.16396000192724,29.00428357419691,4.863567416537526,131.06787518722922,468,462,1.1199676388624629,1,0,0.09454660569806,Normal,0,0,True
101067,100,0,104324,101782,3,48.44819367747666,2,-66.02256152522556,77.30598000494709,27.50043382699937,138.38355744198608,159,156,1.7360689140825594,1,0,0.0962399115070826,Scheduling,1,0,False
101068,250,0,103938,101964,4,55.46569162862256,1,-63.26940124050852,57.70833961123564,5.329005180087012,213.3663048749262,490,483,1.2349867701659425,1,0,0.0641516917633405,Normal,0,0,True
101069,50,0,102099,103637,6,47.74894595320164,1,-70.7318720447474,59.28391225924008,5.867227590177281,157.99106329042164,114,112,1.329506918069388,1,0,0.0774977852259954,SMS,1,0,False
101070,150,1,101070,105244,4,42.653289063231405,0,-76.0195682448319,90.54317985983104,6.258721266857784,150.53082291625097,348,346,0.4176683257438026,16,0,0.4692711412387088,Flooding,1,0,False
101071,200,0,104010,101167,6,47.009309147699454,1,-65.51172114175128,38.41396736340515,7.37542676827691,127.3740409648473,135,133,0.7429555978160511,0,0,0.1051239487882736,Normal,0,0,True
101072,100,0,105362,101238,6,35.6558424115204,4,-60.87231480988006,54.19715388731325,3.751324697487668,206.9913930322608,452,448,0.6980577280297098,1,0,0.0552142506539123,Normal,0,0,True
101073,50,0,101131,101903,1,38.79308417616252,4,-64.21821741404608,104.11844776091242,28.38425674737749,152.7184976377264,247,246,0.0171197359462638,2,0,0.0573417846761405,Scheduling,1,0,False
101074,250,0,101703,101922,1,66.03360267135122,4,-58.17176652610532,54.62200899067389,6.108945687709336,99.32724118879617,322,240,25.247184743612276,5,0,0.0848629954322723,Grayhole,1,0,False
101075,150,0,103348,105402,7,56.77701094066044,2,-68.28343027049422,48.99802738779939,4.6688587654360765,103.24669880213636,406,319,21.337907501605194,5,0,0.061903908003976,Grayhole,1,0,False
101076,150,0,105078,105340,1,60.57960713838793,0,-67.68349244882884,100.33454414705145,4.448208557119652,78.76927413347235,297,294,0.8496628197781587,10,0,0.3462393392753737,Flooding,1,0,False
101077,50,0,102100,102455,6,37.75597792952728,4,-64.15177488939781,30.63256509872958,6.13805201105486,240.60575359761947,88,87,0.8220501296928213,0,0,0.0398335199042831,Normal,0,0,True
101078,100,0,102317,105383,2,40.23379684136444,4,-66.32946832096376,51.602688574175765,6.129552528628301,183.04665847174067,107,106,0.6171944214849061,0,0,0.0492458438293999,Normal,0,0,True
101079,100,0,103928,102088,2,56.84486133552996,0,-72.53858384574858,48.47145008185775,6.651847166061306,217.3424984076752,181,177,1.8814898262686996,2,0,0.0456964005859315,Normal,0,0,True
101080,50,0,102934,102639,2,58.58999426657041,4,-60.9344341001359,63.28952269751416,3.21091524174569,160.67365267105103,418,362,13.327720606308016,0,1,0.0775281116086523,Malicious,1,0,False
101081,50,1,101081,102714,1,60.4461788938862,3,-79.2753933174337,80.19878860001093,6.0287542732277135,118.11749906171268,332,236,28.784566875839896,10,0,0.4182126506932784,DoS,1,0,False
101082,200,0,101386,105133,1,52.56783257324723,2,-71.81656004194272,47.71527456190459,6.067390496012386,226.68261890913416,481,479,0.2274717962967823,1,0,0.0859314535338861,Normal,0,0,True
101083,50,0,102677,104356,4,64.92952622753828,2,-77.0776696464409,43.92915064505176,3.5835820048929623,183.44158377922832,165,163,1.1958514528106945,0,0,0.0778574073031813,Normal,0,0,True
101084,50,0,101094,104069,6,46.93895073361558,4,-76.68162593257904,59.67830393505537,2.374213531767441,161.09145636251557,72,71,0.2400506974998396,1,0,0.0584918641577231,Normal,0,0,True
101085,150,0,101253,102320,4,70.21153917896245,0,-64.08643284062798,58.35582776339727,5.298610482450883,168.7973618829954,59,58,0.4426130694813764,2,0,0.056845015082724,Normal,0,0,True
101086,200,0,104667,101726,5,47.86073533648835,0,-70.97245742432388,40.23054260618117,5.37726216313596,86.97496951088496,162,106,34.47072785003023,5,0,0.0933175564741278,Grayhole,1,0,False
101087,50,0,102858,103481,5,66.0806724717273,4,-70.03740398370374,141.8060670281848,5.591331102963999,73.51253130827098,379,264,30.26534534796632,10,0,0.6427451280799507,DoS,1,0,False
101088,150,0,103142,101116,7,47.30491913274149,0,-70.09104879664369,50.691498161365466,6.188891208008228,206.80448006617183,382,333,12.606166696623406,1,1,0.0621269297940878,Malicious,1,0,False
101089,50,0,105878,105315,7,47.1700265270014,3,-72.8870109611472,39.68525456089256,2.6152728834632883,226.73415871373837,287,281,1.8755677987072217,1,0,0.0882564274546629,Normal,0,0,True
101090,50,0,105988,101160,2,50.75416392974198,2,-67.72545700023663,42.33407895356592,5.158364375139255,213.07412991013337,127,125,1.3622058811741424,3,0,0.0490499007989554,Normal,0,0,True
101091,50,0,102841,101721,2,51.574423068387496,0,-69.80571489716189,68.66930927674413,4.40680660356124,92.34940753382652,495,351,28.947655621171645,12,0,0.0639854204932728,Grayhole,1,0,False
101092,200,1,101092,105464,7,68.48109104105552,1,-69.92856394058005,109.76305143963856,8.225956341186109,151.31842202127015,169,167,0.8382425266077714,12,0,0.4059370868646486,Flooding,1,0,False
101093,50,0,103399,102720,1,57.29236949310753,4,-71.09808683540342,57.92163469244204,5.2704137711439065,219.6486024314263,196,192,1.7926496966006689,0,0,0.0495054770276655,Normal,0,0,True
101094,50,0,105025,103726,7,60.343194164018215,1,-69.53934425834184,53.357416305274846,3.3486173927782303,135.087750725685,118,116,0.9583836448646716,13,0,0.5894601206077975,Flooding,1,0,False
101095,100,0,105799,104658,2,63.8494848709835,3,-70.51003140063631,63.97844307031498,7.135995556117944,247.64692179760385,347,344,0.7292634967464156,2,0,0.0934203560983554,Normal,0,0,True
101096,200,0,103437,101425,5,46.77817550237994,3,-72.40388280752302,45.82453933745413,3.7972903658580495,153.8613119525554,239,234,1.7837761100524656,0,0,0.1039996043589588,Normal,0,0,True
101097,100,0,105745,105383,1,61.68584615195414,1,-75.57561216254352,43.3420012989823,4.737959796119434,242.6073272049456,213,210,1.080115182306703,0,0,0.0749573317799784,Normal,0,0,True
101098,100,0,105286,103121,7,71.95783166975652,2,-67.77958428749835,36.89897738460663,7.078626457551554,184.08417145931148,152,150,0.8971238797801669,1,0,0.0641739304813327,Normal,0,0,True
101099,50,0,103718,105923,3,57.53636169510743,4,-79.21468453123838,38.79103026231841,6.773158985515299,131.80897023087823,363,357,1.5262736553673744,2,0,0.0849454290421751,Normal,0,0,True
101100,100,0,105086,101865,1,56.22627039812321,2,-67.45476930662966,56.52228200116695,4.177082738419025,238.72480308962477,174,173,0.0571710258695048,1,0,0.0980253953912322,Normal,0,0,True
101101,150,1,101101,101982,7,44.52178575756778,0,-69.90227077600909,139.48708974211883,6.306957963903481,57.99200242039602,78,52,33.185750281577754,8,0,0.5878058997629705,DoS,1,0,False
101102,150,0,103829,105812,1,57.81942535451918,1,-71.49846747966444,49.34589766404606,5.766910029708432,199.45987021628093,426,424,0.4466335061352745,2,0,0.0647306939338177,Normal,0,0,True
101103,100,0,102310,101617,1,40.08908864668386,2,-75.47935405399359,52.19071562537668,4.496896199631728,180.9843103114183,311,309,0.582064872190847,1,0,0.1353674721125188,Normal,0,0,True
101104,100,0,103062,104046,7,49.90147578388388,1,-66.95449342780583,39.02802456815243,28.02032646822833,265.81541300415995,465,437,5.999847673665756,1,0,0.0727490361889967,DataError,1,0,False
101105,50,1,101105,105853,3,47.62412086271434,3,-69.3528419747561,65.39543987689734,6.681520755244074,182.89554409616028,286,282,1.3394424048262243,0,0,0.0723456808914897,Normal,0,0,True
101106,100,0,103286,104837,5,53.45457982888162,1,-66.95135510927305,59.130631564334,5.0380804348559,278.9563790256458,421,418,0.6805493450069019,2,0,0.0864127955637434,Normal,0,0,True
101107,50,1,101107,101105,2,56.06085223676783,2,-64.84807653055503,118.35931544948733,5.989409336100446,109.38150979848022,430,428,0.4099925599528566,19,0,0.4890503752437452,Flooding,1,0,False
101108,200,0,103035,102852,4,38.16458629189076,3,-68.29955294268048,46.15375823935819,4.028418807183041,145.89490534970457,215,214,0.2711119561013995,1,0,0.068404848831991,Normal,0,0,True
101109,250,1,101109,101541,2,43.6655636522912,1,-72.62639335484945,58.24923885175996,3.940008672653738,206.980499847357,155,153,1.2579524935992994,0,0,0.0726029757712546,Normal,0,0,True
101110,250,0,105082,102890,6,55.9260377840175,3,-72.21593313650735,53.83164023215072,2.74112757277716,241.1061447723349,170,167,1.2004014457074614,1,0,0.0747369509381123,Normal,0,0,True
101111,200,0,104212,104223,3,70.04878186541077,0,-75.1866435688486,53.80755845747933,3.846420073073496,261.82694902346645,309,305,1.043638734476108,2,0,0.1035395872709697,Normal,0,0,True
101112,150,0,104792,103216,4,56.98583733776204,3,-77.40559146255359,58.80510688215635,13.826015305632522,242.43660447159465,309,261,15.35843119362898,0,0,0.0277360623936859,DataError,1,0,False
101113,200,0,104259,101130,4,49.645831553936105,4,-75.12861697487304,72.74205460897974,19.92239325524219,213.24155611268853,53,52,0.5953266576025599,1,0,0.0387026944463271,Scheduling,1,0,False
101114,100,0,102854,103774,2,62.95716288473295,3,-74.58233106896164,112.96943907844418,6.010776958191107,88.88061884762124,303,185,38.76254403363317,13,0,0.3271316867572003,DoS,1,0,False
101115,150,0,105185,102388,7,48.91707927803528,1,-72.63846000376388,44.670062805740464,4.585367807983511,225.59611828608337,251,214,14.610184218259958,2,1,0.0482562386064309,Malicious,1,0,False
101116,100,0,105163,101307,5,41.06750502481602,4,-72.53166781265612,88.69196079126819,16.724274803031445,185.6120465610668,401,398,0.7437099481266198,2,0,0.0999123032805048,Scheduling,1,0,False
101117,100,0,102353,103928,2,32.908034738166464,0,-70.35093128108707,45.72151917719715,5.39407680858413,194.73375294954587,499,494,0.9627928960382394,2,0,0.0976049532609996,Normal,0,0,True
101118,200,0,101923,104016,7,46.85749379200124,2,-71.44319152917936,59.22618160553549,6.90030006042167,190.48989047778213,237,204,13.65498801826216,1,1,0.0784266953427492,Malicious,1,0,False
101119,100,1,101119,103654,3,56.03390993179987,4,-76.56129796662684,53.78883787802836,4.586906531102112,193.3421596212025,126,124,1.5530858758961652,3,0,0.0774654731687449,Normal,0,0,True
101120,100,0,102920,105527,3,49.03787737959421,3,-62.83183195591061,86.8606479031391,19.815753356366,221.47229876899613,61,60,0.3752175440379974,2,0,0.042806739189004,Scheduling,1,0,False
101121,250,1,101121,101372,7,49.05730929235099,0,-76.82091215746138,51.87709448127925,4.171871134399355,246.07085877547493,416,361,13.171806087918952,1,1,0.1000453854523702,Malicious,1,0,False
101122,50,0,105053,103466,2,53.634373230764105,4,-82.74490533273567,72.09130233217113,2.2122770664887774,211.55508636557053,122,120,1.2544127882339626,0,0,0.0851515785459341,Normal,0,0,True
101123,100,0,102868,101902,1,45.13005082758392,1,-65.50547718609232,40.57583588383348,4.026206285021551,266.61005095286794,168,164,2.000508985036443,2,0,0.0498542865431114,Normal,0,0,True
101124,250,0,102972,103244,1,38.76660586070823,2,-65.76943739324747,44.2283752112666,7.533206327093268,195.8929132402841,444,441,0.628563655178189,0,0,0.0629403432789766,Normal,0,0,True
101125,150,0,102280,104637,7,56.23647249307473,3,-61.38163549154022,53.72166762366109,6.92934847937284,222.8782528789,149,148,0.4964343140979597,2,0,0.0671337134568035,Normal,0,0,True
101126,150,1,101126,105151,6,57.83155656013175,4,-66.64364931647323,65.95947481671047,32.20779774884901,256.3447797378368,467,462,0.9371268512521136,2,0,0.0949204790596563,Scheduling,1,0,False
101127,50,0,101393,102617,2,29.465134513441114,3,-70.88808953496236,35.50519790936126,6.200873155251685,241.8824874257085,198,143,27.31426031564103,0,1,0.0703341579537545,Malicious,1,0,False
101128,100,0,105896,102293,4,47.68799374736095,2,-73.52915506695072,35.641526107915965,3.825743225555309,228.96350699786169,351,345,1.4263027946902946,0,0,0.1150241411811132,Normal,0,0,True
101129,200,1,101129,101473,3,56.252544787960616,0,-67.09500230019154,61.49487364010368,6.597002675814441,137.0263312907215,126,124,1.2038448684185885,0,0,0.0388167903261535,Normal,0,0,True
101130,150,1,101130,104190,4,31.05419670241232,0,-64.11649953170311,36.78610243335897,9.911792873989691,255.2833693999032,474,469,1.029897303145079,1,0,0.0836419119178969,Normal,0,0,True
101131,150,0,102671,102628,5,54.38732283195344,0,-66.0214277606732,69.80651046695621,4.550482030283188,143.75535275761047,205,204,0.1540193901562125,0,0,0.1073073128928231,Normal,0,0,True
101132,50,0,103560,103749,7,52.24961151682737,0,-67.93627688389022,53.2077392669841,4.947972975191231,160.94727370787382,394,388,1.4529634164543477,0,0,0.1266129862693828,Normal,0,0,True
101133,50,1,101133,101114,4,61.36111084032715,0,-77.63041953627607,40.64292548530749,0.6050607820065643,196.8832957904056,422,420,0.4376378458962492,0,0,0.0373315299356245,Normal,0,0,True
101134,250,0,103413,102238,7,48.62258900942422,3,-70.80839963607248,35.262410986566024,22.625407889626835,188.17249130169856,477,418,12.312140254147335,2,0,0.0755989298525661,DataError,1,0,False
101135,100,0,105190,102130,6,50.777674689725295,3,-61.78728774499192,46.21212198766082,7.323429204059038,138.1901956596175,297,294,0.8171944954893913,1,0,0.0918344320273283,Normal,0,0,True
101136,150,0,104845,104693,3,50.88340351699563,0,-75.94729536749712,51.07705451303124,6.681768559461031,222.2338373098192,290,286,1.0736612504782903,1,0,0.0922650809797079,Normal,0,0,True
101137,50,0,102565,101388,3,63.19478970626439,4,-68.53357785497575,31.17016553328273,4.396403013207494,85.50210102790435,72,59,17.904307086810213,12,0,0.0896946929593784,Grayhole,1,0,False
101138,150,0,101062,102042,7,49.34861664271112,1,-66.80437118260753,54.48317562430157,5.909005144171257,147.18127475918914,382,377,1.192901387562349,3,0,0.0930695731243746,Normal,0,0,True
101139,250,0,104446,103144,3,37.71509323619093,2,-76.22575287980042,34.22042991487633,4.712836822575731,206.11853191853817,231,227,1.6348066312999214,0,0,0.1071523926610028,SMS,1,0,False
101140,150,0,103912,105840,5,55.93253564277809,0,-62.64799618839924,46.733891317920055,7.996963680253428,70.1808506386172,368,364,0.9615256208502194,1,0,0.0783025640706124,SMS,1,0,False
101141,50,0,103446,105823,1,48.79803255733045,1,-71.25518564928612,33.56798920143414,8.631154963190145,147.7239508420513,141,139,1.240162187437524,1,0,0.0846172882025617,Normal,0,0,True
101142,150,0,104873,103256,3,46.97902958975394,4,-65.81504422683163,65.87400602415536,4.084646014023134,215.99986211774427,168,166,1.0829295133993364,1,0,0.0873699517367807,Normal,0,0,True
101143,200,1,101143,102540,1,60.7147593025456,4,-68.32341371801346,34.3502610655822,3.0877285940829218,175.9645129658475,73,71,1.411341213287072,1,0,0.08360610102675,Normal,0,0,True
101144,100,0,103949,105876,1,69.73898578442584,4,-77.70644330450979,46.24780769866102,1.8222401603899003,193.7594536230698,464,456,1.628542446052673,2,0,0.0924024810191387,Normal,0,0,True
101145,200,0,105703,101019,4,53.9918871688146,2,-64.45777699138554,51.14308753059248,5.789762980005156,200.07214025425657,431,429,0.4553286811439468,0,0,0.0859039073631767,Normal,0,0,True
101146,150,0,105789,101533,2,52.256662735209474,1,-60.19225478607056,106.48836816981688,2.3451393855307,69.7149947252466,129,79,38.49116957480293,13,0,0.4122627177195831,DoS,1,0,False
101147,200,0,105897,105853,7,38.410205492675416,1,-72.00638990514818,49.7088811887064,5.04953447963014,186.62541059340984,325,321,1.0297365870847672,1,0,0.1048285370056974,Normal,0,0,True
101148,150,0,103125,105145,5,65.56104437527084,4,-76.01241849290646,52.46730451086932,4.193004134111538,215.8787316530017,232,229,1.220073930349879,1,0,0.1099855316803373,Normal,0,0,True
101149,50,0,105456,104524,1,58.22042003928943,3,-80.35284255915151,58.29065320165773,6.042111249161112,211.31786282969637,222,220,0.7679386692940235,3,0,0.0740184778133035,Normal,0,0,True
101150,100,0,105445,102292,5,48.59724414449572,1,-63.74026272743421,46.64484167966934,17.387467463943054,210.23908585675085,246,209,14.898818969516828,0,0,0.098316475631952,DataError,1,0,False
101151,50,0,104048,101522,3,47.835812883616285,4,-64.30609594038935,60.97221329671825,3.571296433431761,255.2322635382004,399,395,0.9785977512159538,2,0,0.071769021033945,Normal,0,0,True
101152,250,0,102466,104655,3,43.677350064769065,0,-66.73268245557485,63.77159868578717,4.411465224753813,269.178682069171,337,335,0.5552025507311418,1,0,0.1022657305554357,Normal,0,0,True
101153,200,0,104975,105503,5,55.47714440193157,2,-72.60446451951881,32.81069587046153,4.530841940761625,241.8781813771284,220,217,1.0233186832829828,4,0,0.0633125277540975,Normal,0,0,True
101154,150,0,103056,105752,1,49.383559583687216,2,-70.44753515580769,34.67707373770043,4.586046436887124,130.38381449526787,146,144,0.8960485052503796,3,0,0.12697444804493,SMS,1,0,False
101155,100,0,101264,103274,4,32.31646710729394,3,-72.30981757959182,47.01561316801956,5.175370786125156,187.2494524453499,85,84,1.1377094176851072,2,0,0.105992170492176,Normal,0,0,True
101156,50,0,101769,104975,5,43.07211012290042,3,-70.35669999250202,37.26257114634184,8.55082915030938,70.66358220243517,63,23,63.06418030913626,14,0,0.1143953358585903,Blackhole,1,0,False
101157,200,0,101777,103418,3,53.077352688284215,3,-72.51861168414727,77.95405886942531,5.487781883240902,53.66023902508204,216,214,0.7771023430865915,10,0,0.3422463608829719,Flooding,1,0,False
101158,100,0,104365,102665,4,61.94214483013992,0,-67.52117213492245,63.01102063024093,3.643010539025557,120.06620131421496,84,83,0.6473416380420759,0,0,0.0928877690707636,Normal,0,0,True
101159,50,0,101569,102394,3,46.94500536946347,3,-65.90702690828394,60.008204977684144,6.702819873525309,131.00764468826358,298,220,26.00160253158894,11,0,0.0984387275601523,Grayhole,1,0,False
101160,150,0,101414,102104,3,52.89824838874858,4,-73.21952531209561,45.50082753798616,2.11321707681119,226.83185875673388,100,98,1.4033524081309572,0,0,0.0793225266848403,Normal,0,0,True
101161,50,1,101161,104009,7,67.00543175313814,1,-68.02484344566922,117.5001762908464,5.109330836809226,57.10011143344931,134,100,24.789071642370423,9,0,0.5887643887068975,DoS,1,0,False
101162,100,0,105749,101391,2,51.398213585182106,1,-76.8233816295027,163.70428417288113,4.447329409911565,63.62219687834663,409,289,29.328762384056947,6,0,0.5416133055278771,DoS,1,0,False
101163,100,0,104198,103118,1,54.33749685960962,1,-79.21309070957807,63.59330534921615,4.001011339328478,167.72196382137855,236,233,1.1963016655286465,1,0,0.046516034366353,Normal,0,0,True
101164,50,0,103452,102686,4,61.71751936473108,3,-66.81408337296394,54.13193736967972,2.46616652487229,156.51522323751513,454,450,0.7213059393501201,0,0,0.063477669969193,Normal,0,0,True
101165,250,0,102395,104897,1,54.92317125604157,2,-73.36769823948622,120.21211928061304,32.95588587671419,208.0295416303356,146,146,0.0,2,0,0.0628356793645674,Scheduling,1,0,False
101166,50,0,102316,103339,7,51.483628586819854,2,-71.0731033269261,46.65910792904769,1.823261503498835,178.7016406372641,310,305,1.3290337877784268,1,0,0.0395009333021356,Normal,0,0,True
101167,50,1,101167,102005,2,57.22026958356444,3,-76.60727430490591,49.69054625146109,6.028130861637958,204.82156101878823,263,260,0.8106294129779251,0,0,0.0541601078332226,Normal,0,0,True
101168,50,0,104145,101707,7,49.37819945679423,0,-72.15911274712471,47.62024186875104,1.6116906763508392,187.86242451452037,228,226,0.5996794177740559,2,0,0.0577459080998699,Normal,0,0,True
101169,200,0,102222,102501,3,42.9928333945924,2,-74.27312320877533,32.67505405032672,2.1835464633851,184.2719598527124,386,382,1.0171023422690375,2,0,0.0708601633234953,Normal,0,0,True
101170,100,1,101170,104520,4,43.417857011578974,4,-67.33783135644842,38.78119033665749,3.678536988222056,60.21317444595934,125,51,58.83550471305664,13,0,0.0306386449138861,Blackhole,1,0,False
101171,150,0,104389,102616,3,61.5288804512874,2,-79.47031305531688,35.236783452225374,5.770247947816573,237.29453329892192,360,356,1.0073319833898329,1,0,0.0861922960792927,Normal,0,0,True
101172,50,1,101172,103167,1,48.89439638161214,1,-71.3770676775862,68.3152862963803,2.5606655569451138,129.51214895302948,349,348,0.1169403387014956,0,0,0.0995505463707926,Normal,0,0,True
101173,50,0,104272,104131,7,37.41521944674589,1,-63.16933380526633,55.44079911095245,7.369574027632253,188.202007870104,196,193,1.1925686414024916,1,0,0.05564906416488,Normal,0,0,True
101174,100,0,102947,105533,4,56.93135202062828,2,-67.72806364787111,110.50144936384416,6.266737618549925,80.46702209475934,475,318,32.98220742852322,15,0,0.5059328112415508,DoS,1,0,False
101175,200,0,102659,105300,4,35.93413312627591,4,-66.75648461147975,59.28331733376234,6.282206074083794,202.79273803486075,119,117,1.4690456844698545,0,0,0.0592920390832428,Normal,0,0,True
101176,200,1,101176,103808,4,53.482582215141335,0,-71.51557160758358,60.50458280306959,4.15793930827501,65.86980119920636,180,80,55.25688542754907,21,0,0.0951257345720446,Blackhole,1,0,False
101177,50,0,105770,101013,3,35.02451038839839,1,-70.92775241507368,54.52983529707083,3.736589649174333,191.10576568781977,295,290,1.577550589185874,1,0,0.0756884902585666,Normal,0,0,True
101178,150,1,101178,101391,1,55.910905313252215,1,-72.13299818143018,48.43590721207197,20.97344100300786,230.54672598875985,192,161,16.005771667159348,0,0,0.0775056368352702,DataError,1,0,False
101179,250,0,104364,104729,3,55.05261343174202,1,-70.43704934120765,55.11354160725999,3.4924218188075464,183.2325932109439,408,404,0.7622488071621787,1,0,0.1022492402916432,Normal,0,0,True
101180,100,0,103402,104891,2,55.40384047773664,4,-74.25517260854784,69.36277112644564,2.8969375328306097,178.15105262135577,496,492,0.7397985048802747,0,0,0.0586011489720976,Normal,0,0,True
101181,200,0,103175,101487,3,31.482352537295817,4,-69.32742164202692,47.27845622360762,7.356602889886422,249.33368721803183,116,114,1.2161734821038916,1,0,0.0748653084231486,Normal,0,0,True
101182,50,0,101027,104024,1,44.65472410062552,4,-65.65885373250212,50.92511308982142,18.42749209408138,136.31585321448694,290,254,12.406172293742998,1,0,0.0668677093710768,DataError,1,0,False
101183,250,0,103172,103652,4,43.80248343328919,2,-67.60549551978205,51.822802235378695,7.1308494471951605,147.43201881507562,359,307,14.462539139399604,2,1,0.0903232604585293,Malicious,1,0,False
101184,200,0,101543,104753,1,34.48396661401375,4,-68.18518199848683,56.63274278037027,4.697251844064735,211.31742523526103,496,490,1.1655342378824691,1,0,0.0694182786255325,Normal,0,0,True
101185,250,0,103894,101558,1,45.41448729754023,0,-74.37355791604692,48.70131673252721,8.305005928185908,56.45383622419325,431,169,60.62235196280879,22,0,0.0896673388164819,Blackhole,1,0,False
101186,150,1,101186,102157,7,67.58069360728825,0,-67.8879745858404,74.87698713278701,36.24429000316654,224.2881595897698,417,415,0.4631617522163748,2,0,0.056357015023964,Scheduling,1,0,False
101187,100,0,102758,104569,3,39.88072690636626,1,-66.11792540680784,50.85816319556395,6.746791072834567,201.75166591452432,283,278,1.7566205405883564,0,0,0.064184665734899,Normal,0,0,True
101188,250,0,101477,102676,3,32.90295020249734,2,-64.86100208897946,52.18950012387585,5.4281391429806005,254.7486195395609,201,198,1.4804509278239883,3,0,0.0640210060832619,Normal,0,0,True
101189,100,0,102776,103284,5,35.75840285429223,1,-76.90348810850219,43.22709664883657,5.125580139667584,237.23887543409796,54,53,1.7779403907459563,0,0,0.090831256030767,Normal,0,0,True
101190,100,0,102648,103816,7,45.6044564491424,3,-61.5155509020968,55.80518545595704,0.6772778147492824,174.86676661641798,267,264,0.8998833323049866,0,0,0.1198005902703835,Normal,0,0,True
101191,200,0,101517,101782,1,51.13897571998479,1,-77.67353155851704,52.40946881999318,4.140988310526443,138.24124406099065,321,253,21.04473235660486,1,1,0.0904403722119829,Malicious,1,0,False
101192,200,0,103589,104034,2,53.15522940920253,0,-77.5833127314296,49.52141072347243,19.4786725764256,210.04014172600583,339,316,6.556066090140325,0,0,0.0730147622930407,DataError,1,0,False
101193,250,0,101951,104336,6,43.406758652228326,3,-63.746459408654246,161.1836651255871,2.586633892511562,79.75855507723597,452,333,26.281238968487543,8,0,0.3238344308791834,DoS,1,0,False
101194,50,1,101194,103979,4,44.827277996479445,1,-74.85956839865179,44.998239708400405,5.612205140916025,160.452411246123,318,316,0.583097693806346,1,0,0.0914682098779046,Normal,0,0,True
101195,200,0,105800,102265,3,50.27133848181837,1,-71.29858448507476,37.38591162996421,6.746976425771346,140.3717028940382,281,276,1.7148849079567587,0,0,0.0927002937214269,Normal,0,0,True
101196,200,0,101123,101623,5,54.64879220816045,4,-71.10113117280761,60.8959293365992,4.0174731874483385,118.21770943256612,53,35,33.39037051036759,6,0,0.09503727206467,Grayhole,1,0,False
101197,50,0,102833,104493,3,58.89066326171152,2,-68.3532848013462,47.09146130890664,4.107294989598106,192.10195873769615,300,228,23.95892347679029,1,1,0.1130433995573569,Malicious,1,0,False
101198,100,0,105325,104243,2,39.757486893721264,0,-72.07467409442962,37.9783163282566,6.263884475484368,204.12966634796345,409,335,17.8700552740539,0,1,0.1011553729460447,Malicious,1,0,False
101199,100,1,101199,104185,3,54.32435387656061,2,-76.7337175925927,138.56890203109788,5.007966963248167,69.05568907349166,406,402,0.8457305143554804,14,0,0.255887868025264,Flooding,1,0,False
101200,100,0,101329,102963,1,59.92545304780762,2,-65.02065203809684,152.43196132585905,5.563996089791916,68.19716714719306,492,306,37.67034028603544,17,0,0.5393241597785832,DoS,1,0,False
101201,250,0,103953,102358,7,64.42855069811284,3,-63.17796913226066,60.08470289839616,0.7042186055222723,252.00985932902825,64,63,0.6087776431607842,3,0,0.1041623302633919,Normal,0,0,True
101202,150,0,103340,103296,5,65.76988436680315,1,-64.7933901015322,59.25919380006447,4.4293665256740775,292.898457345606,300,299,0.2783352772949313,3,0,0.0950973239954684,Normal,0,0,True
101203,200,1,101203,102671,5,57.759275916627246,4,-70.3889109947522,55.61444460859952,7.254908734245099,181.3143720672844,455,373,17.95400806762629,1,1,0.0683419959769313,Malicious,1,0,False
101204,250,0,103470,101159,5,45.26476948596356,2,-72.71297604187274,117.39086571480046,3.2887955563845184,56.0724701407079,256,160,37.31796834193314,11,0,0.5665644663748626,DoS,1,0,False
101205,100,0,103286,103670,1,56.70367405873519,4,-56.9767361354908,51.70809523818001,1.779837510442262,185.5273564398123,451,443,1.7711548188329784,0,0,0.0946833020410753,Normal,0,0,True
101206,200,0,104747,102090,6,62.14944106854969,1,-68.44730181042898,51.057703835241234,3.413730672772126,186.7288491291151,121,120,0.2357043518703568,1,0,0.0576956554405816,Normal,0,0,True
101207,100,0,102669,102556,7,38.092541992633286,1,-71.55209315080485,52.299282784207854,3.3903483698299275,74.24299086453239,177,69,60.73324570294463,22,0,0.0611008543003718,Blackhole,1,0,False
101208,200,0,105131,101090,5,39.7536424849519,2,-66.26566494582309,58.15356361603539,6.057601020236096,179.32426636047057,261,258,1.0031311401301108,1,0,0.1204219554077437,Normal,0,0,True
101209,50,0,103569,105518,4,52.05102982450652,4,-68.8859894914057,33.8582366503516,1.862237413953224,297.1573895230762,427,422,0.9368170009719308,0,0,0.067914211367817,Normal,0,0,True
101210,250,1,101210,101897,5,39.59725623289975,2,-77.80922225007605,47.80936205505426,5.441789736014807,212.06288544341857,194,192,0.8706438863096508,2,0,0.05114734811537,Normal,0,0,True
101211,50,1,101211,104237,3,55.79651356748445,3,-75.25574518626634,60.43718945542453,5.192931285618747,46.2413160354743,285,104,63.28145837343398,16,0,0.0724468969981046,Blackhole,1,0,False
101212,100,0,103337,102994,3,50.46211603670917,0,-70.9657761242479,57.48936113805927,5.052370298371597,41.894859491772735,72,39,45.09749971888824,18,0,0.0404323016685383,Blackhole,1,0,False
101213,200,1,101213,101286,5,50.71287260549462,2,-70.82329689854951,59.27434143933409,8.855056748274153,264.18498832219785,436,432,0.7409644237991644,0,0,0.099355191835523,Normal,0,0,True
101214,100,0,102162,104564,7,41.87431432627127,4,-76.84607122921027,39.21619796660692,5.54731977029468,141.82580988845285,119,98,17.296594857781155,11,0,0.0661384242465685,Grayhole,1,0,False
101215,150,0,103655,105553,1,60.90518753648816,4,-62.10828661251357,57.94758522471934,7.697386397291025,280.2563455085175,414,407,1.6187322958667694,1,0,0.0975730970036075,Normal,0,0,True
101216,100,0,104305,103529,2,61.46069422650385,1,-77.66403950171603,72.40615664455086,4.196283106650373,268.21492072120435,456,450,1.2174044148125025,0,0,0.0599503523718602,Normal,0,0,True
101217,200,0,101110,102486,1,55.06563205069399,1,-63.76593769552703,51.20040550349421,3.1166992904048065,123.49826494112014,306,202,33.94744525244389,5,0,0.0862013787333164,Grayhole,1,0,False
101218,50,0,103668,104392,3,54.28821006012148,0,-65.00184478203258,111.2899160514173,0.0,48.11542444879631,407,243,40.17215894230278,13,0,0.3580673137224592,DoS,1,0,False
101219,50,0,102240,101813,3,49.18614305715879,4,-64.85454431656338,68.85892033853538,26.84642890198252,173.25511544098134,239,236,0.8563578873549984,1,0,0.0808286436391398,Scheduling,1,0,False
101220,100,0,105049,102903,2,56.85124338415306,1,-71.94404892729686,58.841243210314,5.4668309222146165,73.87226373036282,279,137,50.74002118177303,18,0,0.0926729392814277,Blackhole,1,0,False
101221,100,0,103536,103392,2,43.76163482637226,1,-66.0497839793514,43.09522288433578,5.924148511795034,176.1374828166139,55,54,0.0916699482404477,1,0,0.0708823452925596,Normal,0,0,True
101222,50,0,103482,101289,3,49.63193154026972,0,-71.45997088857914,61.4058033097039,3.40008036509409,226.09139982592117,283,283,0.0,0,0,0.0894534723400688,Normal,0,0,True
101223,100,0,102688,103616,2,41.22587644601506,3,-62.60541722976208,41.3929853088801,6.177727668901475,158.55365032072334,424,420,0.8006540499855366,2,0,0.0905055973698156,Normal,0,0,True
101224,100,0,103503,104137,3,50.82864841868996,2,-71.68033348252871,54.73336675554967,1.9789078992610076,198.8078487259424,399,393,1.2622923415238074,0,0,0.0853760986887846,Normal,0,0,True
101225,50,0,101449,102250,6,43.12215705174569,3,-69.25939342830448,45.453914583650686,7.175808548611645,233.8260550706845,461,456,0.9118810249939864,2,0,0.0728774327432035,Normal,0,0,True
101226,150,0,102094,105153,5,26.201857175696382,4,-68.02117424237439,41.96305301851604,4.721868803061584,163.15101198243886,161,160,0.6011096369629045,1,0,0.0821295260900965,SMS,1,0,False
101227,200,1,101227,104034,3,62.64963559771658,3,-75.35160274325919,38.340258143195385,4.203345974236743,204.1076206699435,476,470,1.1239231409509125,0,0,0.0937365499090567,Normal,0,0,True
101228,50,0,103048,102849,3,52.98133397209224,2,-69.80872885151686,51.82316380233696,4.783672729621272,179.33869992160447,177,133,24.43852510930078,1,1,0.0383067012925015,Malicious,1,0,False
101229,150,0,104491,101416,3,47.22427691440432,1,-75.71496985388299,117.01061560027983,6.287740620741824,29.197004114732604,264,207,21.367487528658906,10,0,0.5756608979459228,DoS,1,0,False
101230,150,0,103675,102250,1,35.95425528336867,0,-69.75786771392458,92.16822101673644,6.9382572116479055,79.1429268217195,118,117,0.8167866596834554,15,0,0.2282060825024685,Flooding,1,0,False
101231,100,0,105581,104887,7,60.57782568974872,4,-70.86455056245241,42.46620419232609,4.654268922872697,247.0972579755553,342,337,1.310517596577328,0,0,0.0752263977682722,Normal,0,0,True
101232,200,1,101232,102594,5,50.25054472039661,4,-66.24751999611762,49.20671240857951,7.251345073368015,226.83968478870955,140,139,0.5055448207327089,0,0,0.0723454552133845,Normal,0,0,True
101233,100,0,105222,105512,6,34.662658983298186,4,-66.04252177889693,48.51678077146448,3.9165074899790215,218.64051192627457,90,88,1.6328559603931516,2,0,0.0583925772990572,Normal,0,0,True
101234,150,0,104162,101580,2,41.74958041109932,4,-63.91244470823847,62.11375721796266,5.133480645859743,204.30675022819997,269,269,0.0,1,0,0.0680571389331742,Normal,0,0,True
101235,50,0,105494,104572,7,53.74864279134364,3,-66.01749278586938,47.09640753116665,8.282300540478955,121.14746177198406,244,166,31.66167832023798,9,0,0.0570794914503439,Grayhole,1,0,False
101236,150,0,102912,104217,5,58.07390410653903,3,-70.87785604592021,48.53043224562804,5.506370870281184,98.90202519769304,160,158,0.9742423326477634,2,0,0.0820599119952336,Normal,0,0,True
101237,150,0,103180,102746,3,43.16078474650525,4,-71.49901383479909,58.87273406397458,8.462080762956948,243.34449321213305,215,213,0.6361730881084995,2,0,0.1158092702821438,Normal,0,0,True
101238,50,0,103796,105516,6,32.10987609498559,3,-71.48974682406612,156.9967214471778,7.948964014756511,102.74196873732984,416,318,23.533960212729063,11,0,0.3649429839857093,DoS,1,0,False
101239,100,1,101239,101817,4,54.08610747563917,1,-61.347410240860206,38.22968368546929,4.140017182770322,262.4941803749292,174,171,1.4444938745918217,2,0,0.090799018015102,Normal,0,0,True
101240,250,0,102744,102672,3,69.63118035161042,3,-71.11194113913946,30.10332689372857,23.727068494956946,187.603601387824,453,396,12.380373666624292,0,0,0.0539133476363912,DataError,1,0,False
101241,100,1,101241,105145,7,33.78676460534612,0,-72.71600750188169,60.32699152275939,2.3209641528699256,75.74875289318327,417,411,1.2610103175553833,1,0,0.0761438782538517,SMS,1,0,False
101242,150,0,104458,105778,3,49.54026445696519,1,-70.31424553686287,39.23271945566041,13.669046309395544,275.2589157200431,319,276,13.367382948195456,1,0,0.089080124511877,DataError,1,0,False
101243,250,0,102647,104620,7,37.513939745789735,2,-70.9088399337404,48.64101989634473,5.179716545666463,123.14902407773543,149,148,0.5408122633085819,1,0,0.0769159298057717,Normal,0,0,True
101244,200,0,101861,102506,6,61.85163031439341,3,-76.3868556677531,58.98302549689035,4.852030436927462,172.24933570013,245,242,1.1712254395884507,1,0,0.0982181407006749,Normal,0,0,True
101245,150,0,104144,102982,1,45.906797854133146,3,-85.4907357726039,53.34983555497925,17.103902859242915,273.5964399667553,320,293,8.136737535682457,0,0,0.1083394794767512,DataError,1,0,False
101246,200,0,101419,103124,1,60.22760556641225,2,-70.03269271834431,53.02895262542931,1.1188968305927005,210.74821811787496,358,355,0.7425338185093979,1,0,0.0645181703676045,Normal,0,0,True
101247,200,0,102712,103329,4,47.20207834301016,1,-73.08013771858978,57.632826755158696,6.699289565413304,139.26975643079058,220,218,0.8597141467007238,1,0,0.0730779145643997,SMS,1,0,False
101248,100,0,101690,104468,1,44.86286538287441,4,-68.76526156873827,51.39772983476374,3.971626787317605,176.5435499267964,360,353,1.7756405994506752,2,0,0.0489663257711184,SMS,1,0,False
101249,100,1,101249,102730,2,45.954498750574736,2,-64.09114063112433,38.748587935284434,7.256683734656235,203.03620422569944,162,110,31.61384760694535,1,1,0.0832103952720683,Malicious,1,0,False
101250,100,0,105806,102085,7,53.029718735872834,3,-70.47136358615484,44.10839612011058,2.3729444032920117,207.7047659034775,443,438,0.9280000111491694,3,0,0.0836292212696127,Normal,0,0,True
101251,250,0,101239,104193,4,50.39569724133648,2,-67.81114269348264,49.34546021577829,6.004420091414016,246.51510774988623,98,96,1.2121797199616495,1,0,0.0751190525423918,Normal,0,0,True
101252,150,0,104001,105035,4,41.40540276551983,0,-85.52468090846038,56.79373170574121,4.080789402485039,187.81328664977377,164,138,15.38797995876006,0,1,0.0801041052378989,Malicious,1,0,False
101253,50,0,105937,103480,2,39.36741313468722,0,-67.22319897998528,66.0590405653828,2.356148239841056,218.99589297529567,363,363,0.0,0,0,0.0674025630545696,Normal,0,0,True
101254,200,0,105063,105435,3,49.13331059750887,2,-70.38522146040384,44.49921767792407,5.17741992685374,192.63602849105007,149,148,0.4945423761989261,3,0,0.023110818450129,Normal,0,0,True
101255,100,0,103711,105954,2,51.14219941588922,1,-67.89502690860715,61.87048921268156,5.135826881601775,181.2707398891855,134,132,0.9404061170172912,0,0,0.08144830075457,Normal,0,0,True
101256,50,0,105183,105403,2,45.99738670185743,1,-71.07351641343315,66.28052908348789,24.772407705791277,204.14136202814936,339,291,14.141855468929842,1,0,0.109353873277351,DataError,1,0,False
101257,150,1,101257,101114,7,44.41584034139202,0,-66.28738697033067,61.462664952431496,1.885750478465941,66.01728344946162,272,155,42.721337454962296,17,0,0.0906092053788532,Blackhole,1,0,False
101258,100,0,101343,104462,3,53.80520305316303,0,-67.70181340962591,56.90700889348637,5.267130831071956,205.7075364880652,250,245,1.801850927733465,0,0,0.0982721443513606,Normal,0,0,True
101259,200,0,104651,104915,1,56.756644532569766,4,-58.4263384772954,36.92200093246924,5.098794693830768,256.6450512832602,114,112,1.0360690269258332,0,0,0.0957954205727341,Normal,0,0,True
101260,50,0,104206,102624,6,52.04010680654498,0,-75.05918463934928,127.08707993217952,5.464892575175821,76.88431490073542,64,45,29.453916648497422,5,0,0.3095065583264137,DoS,1,0,False
101261,200,0,101687,101746,2,44.56175132792568,2,-72.94711705743445,50.78668829040064,5.194977878047394,181.5447890121656,202,198,1.6647671219852622,2,0,0.0627711314107142,SMS,1,0,False
101262,150,1,101262,103644,4,52.0648550442345,3,-78.67171694362193,51.62353198262237,5.022093984877781,226.77632859135264,115,114,0.7499291734816866,1,0,0.0736800141147654,Normal,0,0,True
101263,50,0,103642,105329,4,38.3525100766628,2,-70.86603611910532,66.6053253740786,5.627870689930703,250.22861267763267,237,235,0.7209591978430663,2,0,0.0869837445570943,Normal,0,0,True
101264,250,0,105644,103235,6,55.25169313262168,4,-72.16865585878917,26.11468537522314,4.92373086235072,166.62647253669348,403,327,18.75898846988973,0,1,0.0639327913446861,Malicious,1,0,False
101265,150,0,103243,102760,3,47.89465059647008,1,-72.82517130233246,51.847588127884414,3.584081258736004,95.43229310678592,372,242,34.73218168748909,10,0,0.0401412736863964,Grayhole,1,0,False
101266,100,0,105172,101797,1,40.27831793850963,4,-56.846883598896746,35.19643721997105,8.728445217584817,29.230884995114927,478,264,44.74655794261363,19,0,0.0895652177745505,Blackhole,1,0,False
101267,100,0,101632,104063,2,46.817994089136064,4,-74.27763843970313,59.61093457232083,2.934933447581179,92.65467593802232,400,291,27.042558693389683,8,0,0.0437454406985371,Grayhole,1,0,False
101268,200,0,101391,103321,5,62.86947286116419,0,-72.32200890704955,48.75451520313576,7.342238129475142,153.49158242688955,495,490,0.9191781027606946,0,0,0.108477978744937,Normal,0,0,True
101269,100,0,102466,102181,3,51.07525000430799,4,-72.81479365704736,52.97703528814786,7.217152560636543,167.04570439881294,274,271,0.9523382759548408,3,0,0.0859121048728649,Normal,0,0,True
101270,50,0,104054,104065,4,46.46550971250131,2,-67.98363861294565,84.94160920040616,32.31556788291745,236.0797381100055,446,443,0.6157866592369975,1,0,0.0902064082488836,Scheduling,1,0,False
101271,50,0,101176,101799,6,72.96339315929359,0,-66.07436707269973,74.08542463526446,21.08790186485924,261.32050168996733,397,393,0.8450775493179634,1,0,0.0968790280103786,Scheduling,1,0,False
101272,100,1,101272,105516,7,58.16984326654028,4,-67.90711729053999,68.31377390779242,2.809154295523094,205.57954726374396,395,334,15.366092151796906,1,1,0.0720723297088866,Malicious,1,0,False
101273,200,0,102195,102672,1,41.99726948574836,1,-70.46448644228042,39.00808908997161,11.664907746160187,271.89388100630015,276,244,11.269182964983816,2,0,0.0735608016986771,DataError,1,0,False
101274,100,0,105585,105559,5,54.22628617192566,1,-69.14406428127168,29.86175243718922,2.63009611754785,204.73320875592808,363,361,0.4419679119640525,2,0,0.0571411490723356,Normal,0,0,True
101275,50,0,103765,104899,4,66.04934501753903,2,-74.71368061093226,64.71115148028447,4.564010818138549,211.5586680386761,460,455,0.8824920853137722,0,0,0.0817395081984355,Normal,0,0,True
101276,50,0,103457,104266,6,46.536469763401634,3,-77.06552594898014,81.31374146136312,3.6907825269331713,113.8502007526662,111,109,1.2124426516967373,11,0,0.3746546546507644,Flooding,1,0,False
101277,100,0,105760,104094,2,46.240066183995786,1,-67.04034297800891,214.11634791392615,5.505402017899615,115.73296889884948,143,99,30.091676511536857,9,0,0.3891012965869551,DoS,1,0,False
101278,250,0,103876,105472,5,40.501009308204296,1,-72.28752278889296,51.34013160414098,5.219741049990568,127.80173394671344,456,372,18.302995559374637,13,0,0.063065844419846,Grayhole,1,0,False
101279,100,1,101279,104611,2,64.19919124446612,0,-72.60181754918557,117.55761410483072,4.873337186982316,89.59536955957196,432,427,1.038459501137681,12,0,0.3145578792618274,Flooding,1,0,False
101280,250,0,102194,104604,3,51.53716468711152,3,-70.24132693735828,50.83110971564664,10.255815776397018,143.90098793239233,250,197,20.854368930340712,0,1,0.0604093037275535,Malicious,1,0,False
101281,100,0,104026,103747,5,66.80085688242754,1,-67.57936039980385,46.2694065561799,6.940431484542435,150.04901477300012,216,215,0.1203252556081856,1,0,0.0901730108709483,Normal,0,0,True
101282,50,0,103423,101580,1,47.22430092996308,1,-63.4277771277192,55.45681638190336,6.041253220549836,168.60081470224532,226,222,1.3537473081854114,1,0,0.0798643272000135,Normal,0,0,True
101283,200,0,103927,105358,5,55.59642871901567,3,-77.80821930251936,69.5876037296026,8.71681412907736,177.29405429140206,274,272,0.6969446669951466,3,0,0.0822582719947865,Normal,0,0,True
101284,100,0,102205,101656,5,44.23010733407834,4,-64.28612366666223,62.20471123186723,6.832480925939864,201.0266095199032,127,125,1.0668277505281236,0,0,0.0731475774030457,Normal,0,0,True
101285,200,0,101463,101582,6,58.44928641765585,1,-76.52135870506407,60.61689522816587,4.0947334307290175,190.31405598582955,68,67,0.7514099454109238,0,0,0.0626389464179744,Normal,0,0,True
101286,250,0,104587,102166,2,33.493204812426406,0,-71.13474534771512,51.75369876847323,6.268612532660667,220.7631423904556,384,381,0.7579556540670052,0,0,0.0791890608048635,Normal,0,0,True
101287,50,0,103577,103405,4,65.30691166922372,4,-78.49089414687629,41.197084410307234,3.4045406590200216,173.7256309112201,365,360,1.250279835948824,1,0,0.0793166673821949,Normal,0,0,True
101288,50,1,101288,104539,7,48.00140820034552,1,-78.70395204314501,44.33678080895511,3.009634803172122,221.426312604194,146,145,0.4531090732528567,1,0,0.0870632858976245,Normal,0,0,True
101289,200,0,105309,105053,5,51.317187688806406,3,-61.35835309716833,44.00644294947003,5.484900361271639,249.41727103027205,202,199,1.0475139426360365,2,0,0.0882750840589477,Normal,0,0,True
101290,100,0,102272,103878,5,47.82917135083898,3,-75.26757080623662,57.79040744034008,3.4645192174593173,208.4499807083488,439,433,1.2965186369648742,5,0,0.1074675278375866,Normal,0,0,True
101291,50,0,104333,101228,1,42.84027974581568,2,-64.38050566554331,55.98250813681366,0.104322233201568,213.26399817116248,476,470,1.1812581126408834,2,0,0.0814057413417826,Normal,0,0,True
101292,50,0,101693,102504,7,45.20851185695259,2,-74.29767349133087,86.70722866713037,18.50510377153253,211.86206533342903,125,123,1.2252760751053997,1,0,0.1056432539189795,Scheduling,1,0,False
101293,50,0,104290,103251,2,58.31709758351537,2,-65.15846743370015,44.84181269370926,10.1285203551011,162.99665027083472,103,101,1.0753226894093797,1,0,0.066508350955835,Normal,0,0,True
101294,200,0,101448,104504,1,39.08527661699385,4,-70.55329058545136,46.7373253273212,5.637810083506431,187.6728599737312,164,162,1.1849518501071694,0,0,0.0959994912502035,Normal,0,0,True
101295,50,0,105544,103705,2,66.47533148893515,1,-64.00576562191625,60.99883273553469,6.223485213328808,196.23300861082805,311,307,1.019799409026069,1,0,0.0618124950494183,Normal,0,0,True
101296,100,0,105412,104157,3,30.878779871061504,2,-69.20776064415415,84.64765511511443,8.376879747014778,78.14097395629905,266,265,0.3405081500172522,26,0,0.5351998953210491,Flooding,1,0,False
101297,150,1,101297,103311,2,41.056298794573145,3,-81.12192054304434,48.271866481065935,5.904548755297157,154.83742312670793,117,115,0.9666994864890132,0,0,0.0867380652795323,Normal,0,0,True
101298,100,0,105534,105454,4,54.084853381464704,1,-70.97394810641617,121.12398734590352,5.598399532177792,47.60277611022148,83,50,39.14063642522684,16,0,0.5196623362188405,DoS,1,0,False
101299,50,0,102859,102858,2,43.764031196673606,3,-75.09081392729546,44.01351861800664,3.8025203753873695,191.087135432531,416,408,1.8080508702450075,0,0,0.033756259941234,Normal,0,0,True
101300,200,0,102016,101025,7,38.24719883403745,2,-62.23776226035844,43.25512825619228,1.140382174217868,173.84605054083363,190,186,2.0604204739745597,2,0,0.0466094610141046,Normal,0,0,True
101301,50,0,101875,101571,6,49.14247052379533,1,-75.40447042162702,51.466851765489466,8.97314825014306,138.52036250821888,142,140,0.9631633450266752,0,0,0.0430466795193953,Normal,0,0,True
101302,200,0,104231,104207,6,40.46165792789262,0,-79.96496981078911,44.66241858273256,6.259432425922739,163.01633864220963,447,443,0.8909750131399619,1,0,0.0639159825075119,Normal,0,0,True
101303,200,0,102305,103894,2,37.74555343674545,4,-63.85361445069967,106.93354521738225,3.2513905718608216,121.0779477759473,302,231,23.28832873055495,14,0,0.2608294316570256,DoS,1,0,False
101304,100,0,104960,103371,7,50.20123902995707,3,-77.41732976052874,35.196196126743416,3.6477018958965663,91.4268941240945,368,271,26.265440640087974,4,0,0.0922966193535537,Grayhole,1,0,False
101305,150,0,104663,102169,7,30.74463615293453,4,-62.47034987999968,46.96338911194995,5.43830471930816,139.02732551608543,434,428,1.176048812160929,0,0,0.0554592720138734,SMS,1,0,False
101306,100,0,105031,101358,3,53.81351581154916,3,-74.01589972898985,50.41212775028002,7.317086902535562,192.36056766088117,208,206,0.8114933585066046,1,0,0.0635817368365432,Normal,0,0,True
101307,100,0,101975,105318,4,45.58253276503076,1,-76.48304379104187,44.27252896924627,4.261755858322318,181.819678105829,315,311,1.093391813168699,0,0,0.093412441201696,Normal,0,0,True
101308,200,0,105953,102130,7,60.26825595587056,0,-66.3884725810863,91.8473750394531,3.098490022832088,128.07964734685913,229,227,0.764212648321732,9,0,0.2402129980056485,Flooding,1,0,False
101309,200,0,101258,103606,5,49.13023902373276,3,-73.6372696236156,50.18999082259871,5.42545224238357,179.1498077257548,111,109,1.3092036078720677,1,0,0.0927636808145642,Normal,0,0,True
101310,100,0,103832,102073,7,59.92436361185124,3,-65.91228228873922,54.50768444521888,1.5773475631816334,192.74360104305788,277,273,1.2168352661890594,2,0,0.0932041211395914,Normal,0,0,True
101311,150,0,105611,102225,7,35.097982152184684,0,-65.95069007564562,53.26910864239175,5.502987339883983,195.94368681112545,192,190,0.95099951660833,4,0,0.1134252492060726,Normal,0,0,True
101312,250,0,101047,104457,5,52.09346335895429,1,-77.76721092374703,51.49333839769801,8.087077862761596,222.66499796964283,274,273,0.3646156055852297,0,0,0.0775793567539424,Normal,0,0,True
101313,250,0,105486,104723,1,38.14617371299514,0,-73.9377573448161,40.16707406977362,5.845007252985075,190.93172954581811,240,236,1.379687749694726,1,0,0.1077450051193356,SMS,1,0,False
101314,150,0,101102,103994,3,66.76423417844073,1,-74.0360783874222,103.2908879388983,13.45807330872997,250.3554482297129,115,113,1.047340694735365,0,0,0.0788426768157131,Scheduling,1,0,False
101315,100,1,101315,103829,1,65.58294956772448,2,-67.99580681248452,41.94098357941127,5.33048129423744,47.76739103590547,83,36,56.56634759094254,18,0,0.0504467261999274,Blackhole,1,0,False
101316,100,0,103033,102699,4,41.163486793986806,2,-62.69183946184381,56.98250936905527,6.560447569014456,180.07634781509614,124,122,1.199513887530039,1,0,0.0773397287300524,Normal,0,0,True
101317,250,0,105660,104857,7,44.910959160076274,1,-67.59016086473554,46.71110503329191,3.357427231854281,228.77310407317756,293,289,1.084846578985642,2,0,0.0648163290766499,Normal,0,0,True
101318,50,1,101318,101185,7,30.838356187340544,0,-65.0001196553309,39.70475484804206,5.415563697452434,205.48533605276864,192,188,1.7028593216971326,0,0,0.1100326923725994,Normal,0,0,True
101319,150,0,103102,104448,2,47.90819565532966,3,-74.1729028873858,40.226167497653634,5.296900567302108,153.79640899327924,99,97,1.5444423104825304,0,0,0.1000120681703253,Normal,0,0,True
101320,100,1,101320,104976,5,61.55939966210667,4,-68.87198754140377,44.03977603500813,6.287001073194377,163.96276220602527,410,401,2.042562230638516,1,0,0.0645432335578164,Normal,0,0,True
101321,100,1,101321,101885,1,52.56107245070717,0,-69.72761077113044,33.92628429666867,6.885971773252895,75.69844566801956,311,208,32.87746650163017,6,0,0.0785966660109759,Grayhole,1,0,False
101322,100,0,101555,103485,1,47.56673506626274,1,-68.84642838736922,53.57050815229693,3.792131816010273,65.9773537053703,275,112,58.999496874191024,23,0,0.0895454087660085,Blackhole,1,0,False
101323,250,0,104847,103238,1,63.19207183718956,1,-75.14852561655613,46.68532873351756,4.951681780839417,232.3325572398768,237,232,1.7888490493463214,1,0,0.0622830551329061,Normal,0,0,True
101324,50,1,101324,101949,3,47.7634392938708,0,-68.85340541605989,40.33681562632389,1.5832820675217198,121.22301418885488,116,113,1.991342460804585,1,0,0.0530850179190086,SMS,1,0,False
101325,150,0,101106,101744,4,35.61925648509793,0,-67.04667351647811,51.79448391736575,0.3311688215697179,160.87057213164385,372,289,22.06830180300653,5,0,0.0717726902395568,Grayhole,1,0,False
101326,50,0,103669,105635,7,43.4403311174361,3,-77.12115335443153,57.021560365426126,4.052709034252259,140.5306386213949,340,337,0.6538026312189168,3,0,0.0757788592959788,Normal,0,0,True
101327,50,0,105996,105577,5,46.03044195806618,3,-65.90154944154278,188.6348505004764,3.973258909490659,71.89018374050305,312,196,36.99023555755818,11,0,0.5624952813940941,DoS,1,0,False
101328,100,0,102472,105872,4,43.04479284893554,3,-74.45300199426067,41.44653004260733,7.110741915724706,203.5516728927121,383,382,0.2095782712287903,2,0,0.0708235785464979,Normal,0,0,True
101329,150,0,103006,102786,2,48.6782972882915,3,-66.04141070737357,33.2402641777905,5.714547124084923,199.8769909279628,276,273,0.9022475744921782,2,0,0.0992304119712213,Normal,0,0,True
101330,100,0,101881,105268,1,37.64362176512648,1,-60.54753919161511,69.08959741265411,7.779021288239825,184.5395518968138,492,488,0.6460272146032123,0,0,0.0968068630080082,Normal,0,0,True
101331,100,0,103548,101111,4,48.2782323892074,2,-65.37508739567099,155.67524687947957,4.303033601154262,139.20829381152623,318,316,0.5486933887378915,11,0,0.5975662753233981,Flooding,1,0,False
101332,50,0,101424,103065,7,59.497003842778696,3,-71.82890372651003,52.74468335636565,3.232154100343309,152.1393980739627,494,494,0.0,2,0,0.0785682861421224,Normal,0,0,True
101333,100,0,102830,101849,6,51.43084937027994,2,-63.92780529741526,73.38772531047829,1.9309573371482995,249.15175515642065,428,420,1.8300596387801868,0,0,0.0667368151873523,Normal,0,0,True
101334,250,0,102222,105329,3,44.81773495892837,2,-62.137265475694726,61.42827578416462,7.101928110332732,125.52735314146018,293,290,0.9190429730474748,1,0,0.0940740710181628,Normal,0,0,True
101335,250,0,101954,102349,7,48.51941387761178,2,-65.31623368234787,39.99190805957306,5.332633018750247,224.5082514413788,225,223,0.7084442614567785,0,0,0.0959252559905382,Normal,0,0,True
101336,100,0,101887,104514,3,38.67044136778607,0,-62.06773115056597,53.24795586504599,6.701888971830126,232.7814145924983,467,364,21.982108350429943,0,1,0.0850898554843537,Malicious,1,0,False
101337,150,0,101393,104277,7,37.21069371267458,1,-74.89133913364671,57.097017188775865,10.07095883737188,108.82457942725642,396,281,29.01643302455306,10,0,0.0873624445094593,Grayhole,1,0,False
101338,250,0,103274,103638,1,74.359926764664,1,-75.30868766207499,43.91025238813983,8.668818337002895,179.15868285648713,106,104,1.0401095494995711,2,0,0.0699666385422854,Normal,0,0,True
101339,50,1,101339,104887,4,53.58099582891247,0,-69.55674584210655,68.20878819453183,9.079642672439004,148.58337436782006,263,260,1.1240252153932664,2,0,0.067927717712378,Normal,0,0,True
101340,200,0,104910,105145,2,48.77899609869849,4,-74.1760979533158,59.38266809658275,5.950740867707169,249.59743622539045,443,436,1.3975475348645234,0,0,0.0781529054762999,Normal,0,0,True
101341,250,1,101341,101184,4,52.52120501652735,1,-64.071660801373,43.18487762038545,7.260348212078466,259.47980930664454,235,233,0.5311765982966732,0,0,0.0675736942963454,Normal,0,0,True
101342,50,0,105695,102134,4,45.88577530343952,3,-70.08441489957559,53.7325692413517,6.024342238574381,177.47943220349327,189,188,0.3916784522296628,1,0,0.0588288791531142,Normal,0,0,True
101343,50,0,105804,102353,4,33.33777199161383,4,-69.2237697397086,64.78513878573543,7.752463941271145,158.13523567625992,370,365,1.1586813166276806,0,0,0.0870218258335347,Normal,0,0,True
101344,250,0,102922,104008,1,58.065198587493,2,-71.18587692794584,39.1428869910974,4.607053766112211,211.1465130121941,429,422,1.412631716987845,1,0,0.0368005114643682,Normal,0,0,True
101345,150,0,104696,105069,4,35.14850299736924,3,-67.74046901183331,121.8811863193629,5.566956951153017,73.28531963839494,365,288,21.003206765590207,10,0,0.6703592560415603,DoS,1,0,False
101346,50,0,101268,101481,3,43.910838704950464,4,-68.31007983433393,147.38294921672752,3.3655448218756456,108.19796519383308,368,230,37.478856543093656,10,0,0.3873116053055682,DoS,1,0,False
101347,100,0,101881,105983,1,32.290734420612424,3,-72.78640654807276,57.5204638361883,7.176184926417179,200.82006917470676,461,456,1.0001593057325342,0,0,0.0854016882269552,Normal,0,0,True
101348,100,0,102285,101534,7,49.77979491625391,4,-76.76560499002062,50.8146102820238,4.045094545541166,192.6566125212064,425,415,2.1698020763282093,0,0,0.0934542252081728,Normal,0,0,True
101349,150,0,104411,101616,2,49.61214511025248,0,-77.47598793651578,140.97660129368143,4.984582697035512,48.35407303903676,420,305,27.320208311244297,15,0,0.4426923244069128,DoS,1,0,False
101350,200,1,101350,103357,2,58.575626820018165,1,-74.5245526409102,61.04655070374648,4.1435151517443,169.43909508924065,117,116,0.8395577145164221,0,0,0.0663635619532919,Normal,0,0,True
101351,250,0,101826,101665,6,42.943447175803776,1,-68.72204044299444,43.00755935770925,6.010778023464273,202.39851430782824,157,121,22.607387929401234,1,1,0.0478679452928398,Malicious,1,0,False
101352,100,0,102416,102521,6,57.83660474226708,4,-71.83358834288016,54.42336259976197,6.716746463944254,98.5340576033033,475,233,50.8803081575783,15,0,0.0730627202415077,Blackhole,1,0,False
101353,150,0,105510,104571,6,53.65181040302646,2,-69.16820371986009,52.73801189431642,8.518331610940436,167.15872240209325,274,269,1.4750161480835078,0,0,0.0847654733397341,Normal,0,0,True
101354,150,0,103625,102127,6,66.03831421861416,1,-77.26121772979154,60.0049663649056,5.809419737179443,185.1455557173936,266,265,0.094216584093052,0,0,0.0703646787751509,Normal,0,0,True
101355,100,0,105444,105184,7,61.02277108301677,3,-67.7295410086481,166.6486742516984,3.348796273136543,137.11275731405897,185,118,35.888368800533094,10,0,0.2751868745512447,DoS,1,0,False
101356,50,0,102153,103245,7,58.72332109403368,2,-66.40689020018684,39.26564506167268,4.116598588538111,234.6110442470532,200,198,0.537600247204542,2,0,0.0743253714094817,Normal,0,0,True
101357,250,1,101357,102545,3,61.42450537476715,3,-68.58253846814658,34.168775672809744,0.9496247987755772,240.19206003604552,182,179,1.448668372852469,1,0,0.0943551227947377,Normal,0,0,True
101358,200,0,104219,101102,4,52.54984732477737,2,-70.3485095955891,61.935424710049375,28.06362929494715,213.91042592907564,142,125,11.381105769940309,1,0,0.0828445040139276,DataError,1,0,False
101359,100,0,101311,101956,6,58.28704987607009,3,-80.14136520289395,50.55201753795183,2.7698303858494007,176.16370236747815,414,410,0.834651927278613,0,0,0.0733354802527519,Normal,0,0,True
101360,150,1,101360,102929,7,37.19022565561474,1,-75.53962613097431,39.95887575241554,5.257944215623794,225.312745444364,484,480,0.7451051355201319,2,0,0.0950802814278897,Normal,0,0,True
101361,50,0,103897,105619,4,26.36334459995873,4,-64.54371519509421,107.15087311040335,2.758743267322344,39.96476220668651,92,70,23.09283605612763,8,0,0.6616111632451012,DoS,1,0,False
101362,150,0,103826,104052,3,44.12101104346388,1,-59.893419287149456,48.58888213200768,3.1372513963805444,258.1220439454904,295,292,0.823981332322379,0,0,0.0947982928947004,Normal,0,0,True
101363,150,1,101363,104705,4,45.236463855212406,3,-72.14072665496403,69.72579904446933,9.383276510109974,168.1483924403164,119,117,1.0730053048878634,1,0,0.0513391919076429,Normal,0,0,True
101364,150,1,101364,102024,4,53.47942116998622,0,-64.44974037908382,57.17729964692488,24.338226023422628,176.1967061376165,380,332,12.583505825644275,0,0,0.0721504896009969,DataError,1,0,False
101365,250,1,101365,103853,3,49.11600188006409,0,-66.38464837932212,62.979401935351326,5.637654087159061,225.84332964847417,145,143,1.3506278197216846,1,0,0.0769238244423792,Normal,0,0,True
101366,150,0,104073,102025,6,40.3993165518293,3,-65.52281038503298,51.18165845086547,2.4806235986866265,199.748289417886,120,118,1.0034465757478197,1,0,0.1102777937540813,SMS,1,0,False
101367,100,1,101367,105658,5,52.94049301719074,3,-65.7455638562093,33.8910158043348,19.30790563363937,241.99644656041596,94,81,13.575707233949638,4,0,0.0902536394946996,DataError,1,0,False
101368,200,0,104205,105407,1,48.71347514994636,1,-72.37080842749161,46.37727016507386,2.526888799702532,165.75612013515197,420,416,0.9063053403217464,3,0,0.114198841019992,Normal,0,0,True
101369,50,0,105564,101869,2,53.92437704076228,4,-72.76357364303958,62.324090972466806,5.2587286765595,221.93791394737704,217,215,0.7575800379155675,1,0,0.0538768459904209,Normal,0,0,True
101370,100,0,102393,103835,7,46.10694379246429,4,-72.37991762162612,51.02806384459426,2.7410000744336687,221.140515232238,200,198,0.7432014747823288,2,0,0.0935985567307063,Normal,0,0,True
101371,100,0,105189,105094,3,42.53338563579304,4,-60.687024506994135,46.40709160434982,5.657218383807418,189.70434900808988,301,298,0.6969277649198773,1,0,0.0880092891109868,Normal,0,0,True
101372,100,0,104575,103368,7,48.09474810379962,2,-67.52738753975613,52.91374456238584,5.39474521087932,213.0830087221323,369,365,1.0773242716183125,2,0,0.0573895908793407,Normal,0,0,True
101373,200,0,101349,103717,4,51.13757683480277,3,-68.36086496235808,33.27752011150021,6.104307068766555,49.78069988347951,475,220,53.51544761537734,15,0,0.0657414037245099,Blackhole,1,0,False
101374,100,0,101563,103887,3,31.94431746014797,0,-66.78241161175029,60.00964590288983,4.841347607247574,183.5890595047673,75,73,1.5077264240873396,1,0,0.0713785971811534,Normal,0,0,True
101375,200,0,103743,105275,2,49.79420572909135,1,-69.30772658512004,47.135794050174425,1.9840644412584885,197.15852635148872,373,368,1.1090504402230172,0,0,0.071832073409279,Normal,0,0,True
101376,150,0,103291,105199,3,50.97417343064313,3,-75.67798632762762,80.93402311630506,32.980014772640715,166.71718129068813,352,350,0.4575160062597614,2,0,0.0881048005109829,Scheduling,1,0,False
101377,100,0,104428,104098,4,24.2170714985947,0,-77.12842040786248,47.47397312378841,6.331134395750604,215.3095847483381,209,206,0.9910767951032552,2,0,0.0740923603062159,Normal,0,0,True
101378,200,0,101776,101731,5,63.020030937586895,4,-69.09111687602622,57.32374597725194,24.661311992796293,165.5892548428273,73,72,0.5912974627975515,1,0,0.1164869906632459,Scheduling,1,0,False
101379,50,0,101088,102996,7,59.05365005803052,4,-69.08858727234919,57.09759336298776,2.9298972685496985,202.1921491166868,237,234,1.1719082386738524,0,0,0.0659698853326728,Normal,0,0,True
101380,50,1,101380,101115,6,37.7311540654804,3,-62.65272389092481,48.08287870505238,8.638769081098681,242.18064171965457,372,369,0.7464124822985954,0,0,0.0489841167082045,Normal,0,0,True
101381,150,0,102778,104894,3,50.17983402516576,3,-63.44774222478281,54.07255781547487,4.165725398060458,58.40343662623118,482,170,64.60670656245891,16,0,0.0977619012864657,Blackhole,1,0,False
101382,100,0,101583,101655,2,42.01527488812408,1,-79.8700390113282,65.23008202393765,5.566862636744011,30.105537176006678,272,192,29.265862968349023,10,0,0.4301853716643362,DoS,1,0,False
101383,50,1,101383,102809,7,50.89707262685004,3,-74.40494925114054,57.91485927285228,1.5085281708468077,260.45412591910144,208,177,14.543977489804128,0,1,0.1045515901013424,Malicious,1,0,False
101384,150,1,101384,105942,7,72.0809629552883,1,-71.61542365097078,42.71160041245891,2.676229128008723,173.0870029414599,391,288,26.28417568988873,9,0,0.0487443320669455,Grayhole,1,0,False
101385,150,0,103025,105998,5,40.75284500492852,4,-81.22994536343165,48.13217989385964,27.862520154671277,182.2093506937552,256,252,1.227653737651306,0,0,0.0818801318977456,Scheduling,1,0,False
101386,100,1,101386,102084,6,61.908885364487695,1,-66.0926269056937,36.033750341630494,6.856689949116284,253.6266492241357,274,271,1.0716948731802294,2,0,0.0966632098805161,Normal,0,0,True
101387,250,0,104520,103074,1,50.22401588039713,1,-67.69901159384979,52.81934303205162,3.727603117595743,218.25992141002584,232,228,1.349212567192186,2,0,0.0801396983251187,Normal,0,0,True
101388,150,0,105802,102615,2,48.74713377230562,2,-74.01360858112459,98.03164671396269,4.097249537837313,136.7755294222804,364,361,0.7623382911589056,11,0,0.5397986741242121,Flooding,1,0,False
101389,200,0,101987,101153,3,51.53528457250351,0,-76.80476956397366,58.34500537370065,22.13193609569538,222.2969842013671,229,226,0.9372922383673388,1,0,0.0783791334067696,Scheduling,1,0,False
101390,50,0,105030,101803,6,58.18118717155073,3,-64.4746243006503,41.47777728509661,5.77224823173971,127.77378334587218,146,144,0.7716763882886519,1,0,0.0460393545104144,SMS,1,0,False
101391,150,0,103940,101054,5,40.6655123981397,0,-66.40912988530818,53.00380109859348,4.088149026763345,186.2537448236235,400,395,1.2148427485789006,2,0,0.1265690944587292,Normal,0,0,True
101392,200,0,103354,104991,2,50.553158113373016,2,-67.40614042828383,78.07455832049344,7.073631307720075,263.8138804401146,364,357,1.7227667955088073,0,0,0.0616494983686406,Normal,0,0,True
101393,150,0,103364,102683,3,21.577931229607536,2,-71.73848026299785,154.7459401873067,6.783837465828692,90.41615226771754,479,469,1.9874117964421167,16,0,0.5231557794418347,Flooding,1,0,False
101394,200,0,101269,102123,1,68.22271226723242,0,-67.45910355473836,49.28074407051475,7.513008235880223,242.2050868632472,180,178,0.656858608893315,1,0,0.0683239446616003,Normal,0,0,True
101395,100,1,101395,104046,4,61.23464717923844,1,-68.3150307995172,65.79033701092001,18.65529977947377,220.25860247712356,375,318,15.199204502761187,0,0,0.1139602632300697,DataError,1,0,False
101396,50,0,104204,104836,5,66.67616342204369,3,-64.49772358411575,42.03283234460111,4.782766460862517,183.52715585583692,347,258,25.43146461173777,2,1,0.0538020073067848,Malicious,1,0,False
101397,100,0,105780,103554,3,64.0696968193308,2,-69.8096099030177,51.41989450575593,1.991702938104042,250.27512126699688,379,373,1.457477666505112,1,0,0.0826025887619608,Normal,0,0,True
101398,100,0,101195,102474,1,37.88639648560938,2,-61.69655638791221,90.47782215167705,3.5412637267043614,131.5869442934477,443,440,0.6396364354250504,14,0,0.502783211390536,Flooding,1,0,False
101399,200,0,101611,102943,2,69.31702079084779,3,-76.15505346813677,115.024019515194,6.119793400505506,81.82010763676995,363,362,0.1590802822166607,12,0,0.2692925355553807,Flooding,1,0,False
101400,50,0,104953,103492,2,40.91846051392329,2,-60.72440713482327,45.77799315195256,5.959021125882607,191.28196375025848,119,117,0.8830460072775528,3,0,0.0875645257086302,Normal,0,0,True
101401,250,0,103657,103351,4,55.396547743450704,3,-61.33071228290852,51.15834140954605,20.66814587763625,264.9684865364973,385,333,13.338813195769712,1,0,0.0953926562609428,DataError,1,0,False
101402,250,0,102218,104700,4,47.36782985600402,1,-71.55482128895066,54.916273642232326,3.3469068002315265,208.25091968782436,481,475,1.1504130035227955,0,0,0.0880731661995914,Normal,0,0,True
101403,50,0,103007,102368,2,51.94618647870007,0,-64.6218660299117,106.952995631508,24.65650648240725,229.02360701929285,266,261,1.7199770207143152,0,0,0.0913352076223531,Scheduling,1,0,False
101404,100,0,102554,102070,7,45.62177675569676,3,-79.8391506154629,32.51965462863994,7.282398829816804,155.3382942660985,412,409,0.5467463572510949,0,0,0.0577346746241518,Normal,0,0,True
101405,200,0,105377,101452,7,54.85918339459116,3,-69.44342721746254,57.0555074738604,2.903214127523788,203.9398797864868,125,104,16.25925235527169,4,1,0.1118149356745313,Malicious,1,0,False
101406,250,0,104502,105881,2,53.58849889943766,4,-61.05698748437728,60.24141182652062,7.103868240733242,248.00324755749372,394,393,0.2320752426696399,0,0,0.1083585645537808,Normal,0,0,True
101407,100,0,105735,105207,3,53.6147796359574,4,-63.670960300788096,47.81321168027314,3.861553580731399,131.78516211629022,219,216,1.1401408170190563,0,0,0.0803759662911895,Normal,0,0,True
101408,100,0,105680,103026,2,49.19534535315838,1,-73.18071980374567,59.89130711151934,19.93819419965343,200.7562525197124,467,414,11.253914721039989,0,0,0.0698652515211014,DataError,1,0,False
101409,150,1,101409,103644,7,45.34524208983354,0,-71.76068107910521,67.59812923173678,4.819335388979684,204.6480687638324,288,285,0.9488671275080048,0,0,0.0528028795105619,Normal,0,0,True
101410,150,0,101766,102004,2,53.77520579803699,2,-66.50951893751996,52.84558001022344,9.686849938059687,208.22701915765768,104,102,1.9104918844543308,0,0,0.0710522515355197,Normal,0,0,True
101411,100,0,105859,101712,5,46.229469276998216,2,-76.50720337871681,64.33607415374262,5.155635108166566,99.68930709994906,304,300,1.2871911277410055,0,0,0.0881586163485198,SMS,1,0,False
101412,200,0,105251,101137,7,61.34686019927562,3,-72.30001032055902,59.70498179921243,6.166693899483041,160.60625334682808,481,476,0.933594695598762,1,0,0.0957109263979605,SMS,1,0,False
101413,50,0,102192,103355,3,46.72862953361727,1,-65.02792789954881,42.53436647730089,6.952995405545779,216.72860313064788,234,230,1.2836652384933147,2,0,0.0774568794108653,Normal,0,0,True
101414,50,0,104076,105142,2,41.24550701551794,4,-62.66550465357601,144.44642867060014,7.636013526924188,100.7826621741048,89,66,25.014278773655025,9,0,0.5431240227410801,DoS,1,0,False
101415,100,0,103506,102017,5,42.67390566721871,4,-72.1620059363898,21.79831177759309,4.873804894091308,233.3622180739748,120,118,1.4671558688353856,0,0,0.1054582043449484,Normal,0,0,True
101416,100,0,103364,104305,7,55.71134355020912,0,-74.23068822315113,43.07325381913535,2.9837963932400893,226.24510384651032,175,174,0.507782333112913,2,0,0.0604153735968713,Normal,0,0,True
101417,100,0,102018,104718,1,54.37612844201174,3,-70.26409598489498,50.888146662043376,5.170195794630337,181.6480997142118,111,110,0.8002268711566985,0,0,0.0900928664177215,Normal,0,0,True
101418,100,0,101076,103562,5,57.173234939267886,0,-63.0640464340683,31.78143098229634,4.829250640054614,48.07605716597574,481,154,67.92786078158323,19,0,0.0653878091723714,Blackhole,1,0,False
101419,100,0,103909,105530,4,58.40275454009759,2,-69.25620221025929,50.95064182874052,4.242029205631113,62.38182072951032,449,441,1.7040630431756612,11,0,0.3214829841945572,Flooding,1,0,False
101420,50,1,101420,104351,6,47.47855909607508,3,-65.94274333659563,64.53619478380882,3.0907717684673,82.19973890374064,467,462,0.8887928060710061,15,0,0.2312191338025135,Flooding,1,0,False
101421,100,0,103661,102823,4,58.4650549397394,2,-79.44214734715517,67.87775483136645,7.085878358973956,111.1968785386184,460,453,1.3545198838515409,14,0,0.551985292488665,Flooding,1,0,False
101422,250,0,105313,105745,3,41.14065074534889,4,-85.41281087571619,57.76293590747322,3.712255977783295,159.7777611526501,259,256,0.8164887906841867,2,0,0.0880285931873492,Normal,0,0,True
101423,100,0,104557,102074,2,61.11145215204463,1,-78.15867699888857,50.11286223160319,8.31883899771642,201.2699503049517,119,118,0.7416614464830156,0,0,0.0687581237970362,Normal,0,0,True
101424,100,0,104461,101478,2,31.141353821357907,1,-67.00210686093124,46.27437719429085,3.7906382997451775,172.7459357425916,419,416,0.6704701547427296,0,0,0.0627898534698938,Normal,0,0,True
101425,150,0,101685,103763,7,29.12930754290484,0,-66.1521437577478,44.841789013254925,5.898156343542262,182.2014153269644,56,54,2.063842830061911,2,0,0.0775923493908663,Normal,0,0,True
101426,250,0,101617,102982,7,41.83939013828993,2,-74.38034749755302,57.8479065430342,5.883201719666469,138.07647898557,243,240,0.833384801420733,0,0,0.0639812855260741,Normal,0,0,True
101427,50,1,101427,103397,5,46.0470722313955,0,-64.73636177536982,51.68991431414331,6.481044577944867,166.64996232649122,79,63,19.82298013551594,1,1,0.0953525552453471,Malicious,1,0,False
101428,150,1,101428,105542,1,39.44979244622816,2,-68.19046081819506,42.79721423412068,1.3124940824147404,299.41255698134745,384,379,1.068062317037922,2,0,0.0555527438599149,Normal,0,0,True
101429,200,0,103511,104438,1,41.80947356881194,2,-71.18325952681656,64.15008064285861,3.2699869996532174,175.0449651256706,347,342,1.4166515266701487,1,0,0.0688703045972244,Normal,0,0,True
101430,150,0,102389,104514,7,43.08469883793126,2,-72.02601700433584,47.8957843389108,4.365620261702384,155.6158567689455,473,469,0.7586010787179068,0,0,0.1115632496938719,Normal,0,0,True
101431,50,0,105652,105223,2,44.69678747993007,2,-70.78616361153712,59.07549794469419,5.818875108643277,140.42489622961696,87,86,0.2938484278765934,12,0,0.3257462816430144,Flooding,1,0,False
101432,150,0,104185,104179,4,56.29179857874555,1,-53.49514052849237,86.89144452155998,4.978197737992571,51.41717031452445,72,47,33.506475647687125,15,0,0.4294683162952763,DoS,1,0,False
101433,50,0,104822,105397,7,67.85586702476073,1,-65.9800675205475,59.07532300792697,3.6227001827264655,243.6097713463226,277,275,0.6654516199311433,1,0,0.1193690257872058,Normal,0,0,True
101434,150,0,103528,104152,3,27.834714034249973,4,-69.50565455434082,68.14839917919451,7.838578900265452,124.87181848785715,52,52,0.0,0,0,0.0823673909226339,Normal,0,0,True
101435,200,0,102365,104201,1,58.49461323990572,0,-65.5010657461849,43.52679398498468,7.222773850862518,127.36142105060898,132,92,29.85229318087741,13,0,0.0700684009252016,Grayhole,1,0,False
101436,50,0,105696,102867,2,47.61829593384493,3,-60.608488031975234,46.6884806222624,4.734742714457922,213.19691227137088,225,222,1.0329046567082727,0,0,0.0698013048917,Normal,0,0,True
101437,200,0,105423,101557,7,81.8430656860945,0,-72.98311846991724,60.82463702179388,34.83801968995156,150.30321304670352,87,86,0.7613275707780828,1,0,0.0324486034014579,Scheduling,1,0,False
101438,50,0,105281,103200,5,45.79014131986824,1,-61.58555805526085,50.90041583866958,6.436663086388492,112.94189286534905,494,402,18.516913301465,8,0,0.0502569152858045,Grayhole,1,0,False
101439,200,1,101439,103871,2,48.98802372682468,4,-69.85125506596864,59.669323429041874,7.929759829247594,145.12202910862086,223,223,0.0,1,0,0.063050993659986,Normal,0,0,True
101440,100,0,102864,103305,4,50.57506739411809,2,-65.97591577520338,60.14725440640396,7.376944666039902,187.49652535473516,321,318,0.8085871802948629,2,0,0.0463067330385124,Normal,0,0,True
101441,50,0,104462,104767,7,41.93646222308149,1,-59.64873457566402,72.7383424631596,9.878046374354632,138.85143523823126,93,93,0.0,1,0,0.0704247496183033,SMS,1,0,False
101442,50,0,104179,102105,6,41.17016018492389,1,-66.24519719625562,49.58761484362814,2.375095714389482,145.0883663448286,133,131,1.3759606547018195,0,0,0.0499193326957848,Normal,0,0,True
101443,250,1,101443,101743,7,29.183354711763343,3,-67.88220581491639,46.1841645135158,5.272391725610996,216.41036275923096,338,331,1.858179249399727,1,0,0.124616365436223,Normal,0,0,True
101444,50,0,105527,105446,6,49.28728767651485,1,-68.84790582818167,79.15404260290379,19.098580089595607,223.16016135920597,115,114,0.2787484478382406,1,0,0.0593849701058603,Scheduling,1,0,False
101445,50,0,103734,102538,7,41.16169727171136,3,-76.42792217606728,53.35935391396459,12.361725545413382,207.46167284810497,186,161,12.920307032602242,3,0,0.0893683071637755,DataError,1,0,False
101446,100,0,105506,102493,5,50.26911724141361,0,-69.95563270573794,56.56213260375486,3.3679159980226983,133.15034780810058,322,320,0.5125847588260171,1,0,0.1151454843414429,SMS,1,0,False
101447,150,0,101569,102355,1,47.28728680543044,0,-72.68227057511467,99.3035630736444,6.151593425781865,144.7349165278934,106,104,1.2220582130842073,14,0,0.3269602405309602,Flooding,1,0,False
101448,150,0,102839,103431,5,53.05899781782549,1,-63.137513313912734,49.7169231069926,4.233274001335681,274.19623407518657,283,278,1.558893667417546,2,0,0.0645688977998277,Normal,0,0,True
101449,50,0,101604,105260,5,49.959316866013175,0,-69.56427498641703,43.55524229784617,8.534772665318968,167.3185227606881,264,261,1.0981219251176977,0,0,0.0707202543053765,Normal,0,0,True
101450,100,0,103720,101421,6,48.6108749065174,1,-75.62882959690019,93.31839034599513,3.4404527419540174,59.19640633034072,309,305,1.2130833900701037,10,0,0.2389621850007626,Flooding,1,0,False
101451,50,0,102776,104392,4,36.64546639591988,4,-68.25493865685961,20.46176514599376,6.390332035236511,179.07582772462015,129,128,0.5667147227872518,1,0,0.1457144742736368,Normal,0,0,True
101452,50,1,101452,101307,4,63.26762615554809,3,-67.15019583706157,32.451432406142246,1.674999392065498,187.37754839992024,152,150,1.2050368991578186,0,0,0.0796472268037775,Normal,0,0,True
101453,100,0,101756,105551,3,48.22442389733702,2,-63.39348150399106,36.52628758760325,23.35996909317803,201.63086766105505,153,141,7.72240050815966,0,0,0.0704696172952281,DataError,1,0,False
101454,200,0,103287,104131,2,68.01009109620044,0,-70.54390566677891,64.4969698721336,1.4980827896419884,178.31136386190042,99,98,0.7264059489320926,2,0,0.1047935682496113,Normal,0,0,True
101455,50,0,101269,104195,6,44.44827872894239,4,-75.73745207536888,54.98314420453238,9.76198297867868,227.91228542934616,425,420,1.066816596594367,1,0,0.0717494785492543,Normal,0,0,True
101456,100,0,103509,105240,3,30.251049689306004,4,-72.0872448452766,44.20722027053807,3.811759622910196,169.69179994509574,314,313,0.1649109037918867,1,0,0.099819923594499,Normal,0,0,True
101457,100,0,101429,103988,5,46.23996842937026,2,-67.35448019163528,64.15473243189412,7.365161084829235,142.5449559129222,86,84,1.364037584752632,2,0,0.0845993751475453,Normal,0,0,True
101458,250,0,101181,105839,7,44.6241594481204,3,-71.41304633745612,58.24515156018596,1.2945809302694429,231.93908041780983,92,90,1.2597444370740063,0,0,0.0832521069010007,Normal,0,0,True
101459,250,0,103740,101815,2,67.5900461801289,2,-65.2814918280008,41.89342444301328,3.548163828012443,162.4378742519212,224,221,0.9610459768343408,1,0,0.1101305727262453,Normal,0,0,True
101460,200,0,105588,103619,6,54.48320010675524,0,-65.33537276275358,38.91557784572786,4.704849671205611,199.01915530373145,298,296,0.4683983402761851,5,0,0.1165921583422456,Normal,0,0,True
101461,50,0,102930,104950,5,48.43110424640823,0,-75.58490154295265,127.96754474599403,4.64968709128088,61.06806705892971,125,81,34.43821041978805,8,0,0.2645109341123967,DoS,1,0,False
101462,50,0,105063,102108,3,49.21613300270607,4,-64.97589154121043,52.305415868507296,3.5254766472160783,75.56805572605633,54,34,35.72067700419622,7,0,0.0715312683364144,Grayhole,1,0,False
101463,100,0,101231,105095,3,72.7768892603093,0,-70.28110199427081,40.27579674069017,2.266391209775032,265.0977181265981,299,297,0.5225809515982376,0,0,0.076141901479543,Normal,0,0,True
101464,100,1,101464,103811,5,30.39149202167107,3,-73.34082295386764,49.93581292603383,5.697763662607343,209.2290187118488,399,394,1.0708523583269658,1,0,0.1046507231000113,SMS,1,0,False
101465,150,1,101465,101546,1,51.53594606735511,0,-68.19140844998635,39.62019594262411,2.809060089889287,133.79805059621907,330,326,0.9150614704909108,1,0,0.0988947010668992,Normal,0,0,True
101466,200,0,102863,105224,1,37.96585930028871,2,-70.62540265985008,64.44143320712867,5.865637082530645,177.5246139495006,329,324,1.237600813973549,1,0,0.0691997132285987,Normal,0,0,True
101467,200,0,101224,103241,4,56.00509797227187,3,-66.28390006831927,55.31854020473801,1.9786305931718808,198.4514092421396,449,371,17.29634195088334,1,1,0.1078152634406696,Malicious,1,0,False
101468,200,0,104035,102842,3,67.35880899490178,3,-71.7165908231071,55.97082115934949,0.0,221.0549254047948,256,253,0.8885018142482793,0,0,0.0654835514079738,Normal,0,0,True
101469,100,0,104608,102018,6,41.60787488475611,3,-69.09261059060472,48.18230526980322,5.331230250193444,142.1701098723582,202,201,0.3003284761070625,1,0,0.0534329641697426,SMS,1,0,False
101470,150,0,102556,102656,4,61.62989595677338,4,-69.83021557417416,48.46919495518597,6.532911919699417,228.62436271892363,456,452,0.8033817954185773,3,0,0.0727713160729937,Normal,0,0,True
101471,100,0,105324,101720,4,64.32988276709578,1,-71.86506190240837,46.89452105249555,0.0,150.38279082166792,231,229,0.5310820477242696,1,0,0.0773266751115596,SMS,1,0,False
101472,50,0,101897,103922,4,46.89908283514765,0,-67.52202142551154,56.29793214586774,5.558547681809061,190.6498631995149,453,449,0.812961370801458,2,0,0.0840019423684814,Normal,0,0,True
101473,200,0,103643,102235,6,61.90294441126074,3,-64.49587334896434,49.50920795773181,9.001251864428667,225.43283612590477,494,353,28.416918036956453,2,1,0.091619245894472,Malicious,1,0,False
101474,50,1,101474,103831,6,42.81883030906574,3,-74.05371045124147,76.57921893185132,3.539947450306189,211.19554241374615,262,261,0.2900227639944712,0,0,0.0882523057949837,Normal,0,0,True
101475,100,1,101475,102374,3,43.929919002886415,3,-64.57919491522567,68.39177546858927,4.696692655931592,187.560958289582,402,397,1.1684056361937325,1,0,0.0687489645276253,SMS,1,0,False
101476,100,0,105007,104377,7,43.49827727913842,2,-66.70138765306115,36.737972106363095,3.9356769730371006,158.78769397706617,85,84,1.1023091127952305,1,0,0.0387121807194231,Normal,0,0,True
101477,150,0,101722,103811,3,50.37676204708588,1,-68.63296105124803,48.82170282406746,1.5339724230173215,182.0563751419975,311,309,0.5677541941216813,0,0,0.0647302475057274,Normal,0,0,True
101478,200,0,104880,103431,4,59.62321857532085,1,-67.64827629170584,47.749443946219394,5.897633282801051,183.2881207233916,281,276,1.538653644812514,3,0,0.0293225759959038,SMS,1,0,False
101479,100,0,104543,103113,6,37.65067034373726,3,-75.3525406731771,53.28563115187516,7.171343818367276,190.9607381862375,196,195,0.3558242903979792,0,0,0.061298343271449,Normal,0,0,True
101480,200,0,103936,103414,4,49.61518672186649,0,-68.17314972783,140.41514253555582,8.0533691550517,86.26907784220121,439,260,40.562454708586685,20,0,0.5297366392099019,DoS,1,0,False
101481,100,0,101450,102915,4,45.28514167219561,3,-75.79284578773165,47.70943277858311,4.284426183038375,35.27487793760633,88,50,42.89564952749149,12,0,0.0958690497766887,Blackhole,1,0,False
101482,100,1,101482,101547,4,48.97418639759122,1,-70.14628668071353,39.28504614668218,2.96661843359476,220.52872802758432,436,433,0.6266503069290038,0,0,0.089110023021837,Normal,0,0,True
101483,200,0,103555,105965,3,69.49709325437135,4,-67.30138160130846,111.39179544785902,5.510656343490089,41.937851152459984,290,193,33.2977960212285,12,0,0.5544611831637583,DoS,1,0,False
101484,150,0,104119,104229,4,31.45828554120847,3,-66.75254621988852,62.74069048366051,3.0261307727785063,191.9308240815449,200,198,0.5906177542772888,0,0,0.0590455669932666,Normal,0,0,True
101485,250,0,101145,101263,7,46.20952018925704,2,-65.79489347887083,38.97514296230534,22.584120393163463,235.50119676231785,253,214,15.103351394606667,0,0,0.079698922579968,DataError,1,0,False
101486,50,0,104365,104978,4,47.384327767734646,4,-72.20162842338095,46.55233420126344,3.474837141005904,182.8866313712851,339,332,2.001473542038143,1,0,0.0638347234986615,Normal,0,0,True
101487,150,0,104181,101806,2,60.43776956401755,1,-75.67716154515284,52.463479529484985,6.149123435073431,171.6725535456167,251,248,0.8589614715618257,2,0,0.1051187408003139,Normal,0,0,True
101488,150,0,104963,105055,3,50.34362991271671,2,-68.49310162543415,45.31345348065764,2.8383209591920835,144.92893154650596,474,471,0.5969461632888199,0,0,0.1050723754446758,SMS,1,0,False
101489,250,0,102040,101987,4,51.571741924440815,2,-71.90468364675824,38.64987901813931,3.1063998116373366,219.77990127121285,274,217,20.655586977253947,1,1,0.1164492668598758,Malicious,1,0,False
101490,50,0,103424,103251,3,41.42827626108294,0,-73.52902027557825,54.91814401087963,3.2823114434020817,230.9359926427045,343,341,0.4718647961259469,1,0,0.0951328493021387,Normal,0,0,True
101491,200,0,104141,105101,4,39.17841864172005,2,-76.33894282130827,83.31486687907177,6.728116107228358,82.23902005269257,244,156,35.7703051033944,10,0,0.6799441203851405,DoS,1,0,False
101492,150,0,104683,101937,7,47.64249696951749,1,-68.9872044152005,29.055999762932935,6.653624080613829,197.7912836130852,421,412,2.0361505607133763,0,0,0.0953871608309528,Normal,0,0,True
101493,100,0,102657,104939,5,59.7129347940271,4,-61.311638085463365,30.819193351753405,4.397617285042759,189.5760068549096,228,225,1.067544161775337,0,0,0.0802096231968649,Normal,0,0,True
101494,100,0,105574,101043,3,58.99598737979407,0,-68.76908027852016,59.151721507186224,2.020127590719555,190.76543555208255,484,482,0.245695272810145,1,0,0.0616336772534319,Normal,0,0,True
101495,100,0,104616,104723,6,37.36128439266284,4,-77.31121179520412,69.5008783450312,5.345659001806093,233.45527024658568,209,207,0.514331108893942,1,0,0.0644305817265252,Normal,0,0,True
101496,150,0,102777,102633,3,50.77974461818732,3,-75.24075149890068,55.06379498694662,8.03446205002049,207.31215856680507,424,421,0.6107086771269215,1,0,0.0939849524430412,Normal,0,0,True
101497,200,0,102121,103223,1,33.69046786707695,3,-73.88572512588682,56.35246908388413,3.298969527902872,324.3631022756033,421,417,0.8671327679793706,1,0,0.0785556032407247,Normal,0,0,True
101498,150,0,101500,101049,2,45.81967305314861,2,-75.9930007598147,39.440798650770695,8.865913381505322,125.95130746874337,235,232,0.8733893616917033,0,0,0.0765010527800821,SMS,1,0,False
101499,150,0,101970,101207,4,56.96688157953891,4,-68.42140288851738,51.046494912588464,4.047964504802113,133.8014443841273,467,464,0.5082751182610143,1,0,0.1034539515437013,SMS,1,0,False
